INSERT INTO Client (ClientID, Type, RegistrationDate) VALUES (1, 'Фізична особа', '2024-01-15');
INSERT INTO Client (ClientID, Type, RegistrationDate) VALUES (2, 'Юридична особа', '2024-02-20');
INSERT INTO Client (ClientID, Type, RegistrationDate) VALUES (3, 'Фізична особа', '2024-05-01');
INSERT INTO Client (ClientID, Type, RegistrationDate) VALUES (4, 'Фізична особа', '2023-04-10');
INSERT INTO Client (ClientID, Type, RegistrationDate) VALUES (5, 'Фізична особа', '2023-05-12');
INSERT INTO Client (ClientID, Type, RegistrationDate) VALUES (6, 'Фізична особа', '2023-06-15');
INSERT INTO Client (ClientID, Type, RegistrationDate) VALUES (7, 'Фізична особа', '2023-07-20');
INSERT INTO Client (ClientID, Type, RegistrationDate) VALUES (8, 'Фізична особа', '2023-08-22');
INSERT INTO Client (ClientID, Type, RegistrationDate) VALUES (9, 'Фізична особа', '2023-09-25');
INSERT INTO Client (ClientID, Type, RegistrationDate) VALUES (10, 'Фізична особа', '2023-10-30');
INSERT INTO Client (ClientID, Type, RegistrationDate) VALUES (11, 'Фізична особа', '2023-11-10');
INSERT INTO Client (ClientID, Type, RegistrationDate) VALUES (12, 'Фізична особа', '2023-12-01');
INSERT INTO Client (ClientID, Type, RegistrationDate) VALUES (13, 'Фізична особа', '2024-01-05');
INSERT INTO Client (ClientID, Type, RegistrationDate) VALUES (14, 'Фізична особа', '2024-01-20');
INSERT INTO Client (ClientID, Type, RegistrationDate) VALUES (15, 'Фізична особа', '2024-02-15');
INSERT INTO Client (ClientID, Type, RegistrationDate) VALUES (16, 'Фізична особа', '2024-02-28');
INSERT INTO Client (ClientID, Type, RegistrationDate) VALUES (17, 'Фізична особа', '2024-03-10');
INSERT INTO Client (ClientID, Type, RegistrationDate) VALUES (18, 'Фізична особа', '2024-03-22');
INSERT INTO Client (ClientID, Type, RegistrationDate) VALUES (19, 'Фізична особа', '2024-04-05');
INSERT INTO Client (ClientID, Type, RegistrationDate) VALUES (20, 'Фізична особа', '2024-04-18');
INSERT INTO Client (ClientID, Type, RegistrationDate) VALUES (21, 'Фізична особа', '2024-05-01');
INSERT INTO Client (ClientID, Type, RegistrationDate) VALUES (22, 'Фізична особа', '2024-05-14');
INSERT INTO Client (ClientID, Type, RegistrationDate) VALUES (23, 'Фізична особа', '2024-05-27');
INSERT INTO Client (ClientID, Type, RegistrationDate) VALUES (24, 'Фізична особа', '2024-06-05');
INSERT INTO Client (ClientID, Type, RegistrationDate) VALUES (25, 'Фізична особа', '2024-06-17');
INSERT INTO Client (ClientID, Type, RegistrationDate) VALUES (26, 'Фізична особа', '2024-06-30');
INSERT INTO Client (ClientID, Type, RegistrationDate) VALUES (27, 'Фізична особа', '2024-07-12');
INSERT INTO Client (ClientID, Type, RegistrationDate) VALUES (28, 'Фізична особа', '2024-07-25');
INSERT INTO Client (ClientID, Type, RegistrationDate) VALUES (29, 'Фізична особа', '2024-08-05');
INSERT INTO Client (ClientID, Type, RegistrationDate) VALUES (30, 'Фізична особа', '2024-08-18');
INSERT INTO Client (ClientID, Type, RegistrationDate) VALUES (31, 'Фізична особа', '2024-08-30');
INSERT INTO Client (ClientID, Type, RegistrationDate) VALUES (32, 'Фізична особа', '2024-09-10');
INSERT INTO Client (ClientID, Type, RegistrationDate) VALUES (33, 'Фізична особа', '2024-09-22');
INSERT INTO Client (ClientID, Type, RegistrationDate) VALUES (34, 'Фізична особа', '2024-10-05');
INSERT INTO Client (ClientID, Type, RegistrationDate) VALUES (35, 'Фізична особа', '2024-10-18');
INSERT INTO Client (ClientID, Type, RegistrationDate) VALUES (36, 'Фізична особа', '2024-10-30');
INSERT INTO Client (ClientID, Type, RegistrationDate) VALUES (37, 'Фізична особа', '2024-11-10');
INSERT INTO Client (ClientID, Type, RegistrationDate) VALUES (38, 'Фізична особа', '2024-11-22');
INSERT INTO Client (ClientID, Type, RegistrationDate) VALUES (39, 'Фізична особа', '2024-12-01');
INSERT INTO Client (ClientID, Type, RegistrationDate) VALUES (40, 'Фізична особа', '2024-12-15');
INSERT INTO Client (ClientID, Type, RegistrationDate) VALUES (41, 'Фізична особа', '2024-12-27');
INSERT INTO Client (ClientID, Type, RegistrationDate) VALUES (42, 'Фізична особа', '2025-01-05');
INSERT INTO Client (ClientID, Type, RegistrationDate) VALUES (43, 'Фізична особа', '2025-01-20');
INSERT INTO Client (ClientID, Type, RegistrationDate) VALUES (44, 'Фізична особа', '2025-02-05');
INSERT INTO Client (ClientID, Type, RegistrationDate) VALUES (45, 'Фізична особа', '2025-02-18');
INSERT INTO Client (ClientID, Type, RegistrationDate) VALUES (46, 'Фізична особа', '2025-03-01');
INSERT INTO Client (ClientID, Type, RegistrationDate) VALUES (47, 'Фізична особа', '2025-03-15');
INSERT INTO Client (ClientID, Type, RegistrationDate) VALUES (48, 'Фізична особа', '2025-03-28');
INSERT INTO Client (ClientID, Type, RegistrationDate) VALUES (49, 'Фізична особа', '2025-04-10');
INSERT INTO Client (ClientID, Type, RegistrationDate) VALUES (50, 'Фізична особа', '2025-04-22');
INSERT INTO Client (ClientID, Type, RegistrationDate) VALUES (51, 'Фізична особа', '2025-05-01');
INSERT INTO Client (ClientID, Type, RegistrationDate) VALUES (52, 'Фізична особа', '2025-05-14');
INSERT INTO Client (ClientID, Type, RegistrationDate) VALUES (53, 'Фізична особа', '2025-05-27');
INSERT INTO Client (ClientID, Type, RegistrationDate) VALUES (54, 'Фізична особа', '2025-06-05');
INSERT INTO Client (ClientID, Type, RegistrationDate) VALUES (55, 'Фізична особа', '2025-06-17');
INSERT INTO Client (ClientID, Type, RegistrationDate) VALUES (56, 'Фізична особа', '2025-06-30');
INSERT INTO Client (ClientID, Type, RegistrationDate) VALUES (57, 'Фізична особа', '2025-07-12');
INSERT INTO Client (ClientID, Type, RegistrationDate) VALUES (58, 'Фізична особа', '2025-07-25');
INSERT INTO Client (ClientID, Type, RegistrationDate) VALUES (59, 'Фізична особа', '2025-08-05');
INSERT INTO Client (ClientID, Type, RegistrationDate) VALUES (60, 'Фізична особа', '2025-08-18');
INSERT INTO Client (ClientID, Type, RegistrationDate) VALUES (61, 'Фізична особа', '2025-08-30');
INSERT INTO Client (ClientID, Type, RegistrationDate) VALUES (62, 'Фізична особа', '2025-09-10');
INSERT INTO Client (ClientID, Type, RegistrationDate) VALUES (63, 'Фізична особа', '2025-09-22');
INSERT INTO Client (ClientID, Type, RegistrationDate) VALUES (64, 'Фізична особа', '2025-10-05');
INSERT INTO Client (ClientID, Type, RegistrationDate) VALUES (65, 'Фізична особа', '2025-10-18');
INSERT INTO Client (ClientID, Type, RegistrationDate) VALUES (66, 'Фізична особа', '2025-10-30');
INSERT INTO Client (ClientID, Type, RegistrationDate) VALUES (67, 'Фізична особа', '2025-11-10');
INSERT INTO Client (ClientID, Type, RegistrationDate) VALUES (68, 'Фізична особа', '2025-11-22');
INSERT INTO Client (ClientID, Type, RegistrationDate) VALUES (69, 'Фізична особа', '2025-12-01');
INSERT INTO Client (ClientID, Type, RegistrationDate) VALUES (70, 'Фізична особа', '2025-12-15');
INSERT INTO Client (ClientID, Type, RegistrationDate) VALUES (71, 'Фізична особа', '2025-12-27');
INSERT INTO Client (ClientID, Type, RegistrationDate) VALUES (72, 'Фізична особа', '2024-01-05');
INSERT INTO Client (ClientID, Type, RegistrationDate) VALUES (73, 'Фізична особа', '2021-01-20');
INSERT INTO Client (ClientID, Type, RegistrationDate) VALUES (74, 'Фізична особа', '2019-02-05');
INSERT INTO Client (ClientID, Type, RegistrationDate) VALUES (75, 'Фізична особа', '2018-02-18');
INSERT INTO Client (ClientID, Type, RegistrationDate) VALUES (76, 'Фізична особа', '2016-03-01');
INSERT INTO Client (ClientID, Type, RegistrationDate) VALUES (77, 'Фізична особа', '2017-03-15');
INSERT INTO Client (ClientID, Type, RegistrationDate) VALUES (78, 'Фізична особа', '2019-03-28');
INSERT INTO Client (ClientID, Type, RegistrationDate) VALUES (79, 'Фізична особа', '2020-04-10');
INSERT INTO Client (ClientID, Type, RegistrationDate) VALUES (80, 'Фізична особа', '2021-04-22');
INSERT INTO Client (ClientID, Type, RegistrationDate) VALUES (81, 'Фізична особа', '2022-05-01');
INSERT INTO Client (ClientID, Type, RegistrationDate) VALUES (82, 'Фізична особа', '2023-05-14');
INSERT INTO Client (ClientID, Type, RegistrationDate) VALUES (83, 'Фізична особа', '2024-05-27');
INSERT INTO Client (ClientID, Type, RegistrationDate) VALUES (84, 'Фізична особа', '2026-06-05');
INSERT INTO Client (ClientID, Type, RegistrationDate) VALUES (85, 'Фізична особа', '2026-06-17');
INSERT INTO Client (ClientID, Type, RegistrationDate) VALUES (86, 'Фізична особа', '2026-06-30');
INSERT INTO Client (ClientID, Type, RegistrationDate) VALUES (87, 'Фізична особа', '2026-07-12');
INSERT INTO Client (ClientID, Type, RegistrationDate) VALUES (88, 'Фізична особа', '2026-07-25');
INSERT INTO Client (ClientID, Type, RegistrationDate) VALUES (89, 'Фізична особа', '2026-08-05');
INSERT INTO Client (ClientID, Type, RegistrationDate) VALUES (90, 'Фізична особа', '2026-08-18');
INSERT INTO Client (ClientID, Type, RegistrationDate) VALUES (91, 'Фізична особа', '2026-08-30');
INSERT INTO Client (ClientID, Type, RegistrationDate) VALUES (92, 'Фізична особа', '2026-09-10');
INSERT INTO Client (ClientID, Type, RegistrationDate) VALUES (93, 'Фізична особа', '2026-09-22');
INSERT INTO Client (ClientID, Type, RegistrationDate) VALUES (94, 'Фізична особа', '2026-10-05');
INSERT INTO Client (ClientID, Type, RegistrationDate) VALUES (95, 'Фізична особа', '2026-10-18');
INSERT INTO Client (ClientID, Type, RegistrationDate) VALUES (96, 'Фізична особа', '2026-10-30');
INSERT INTO Client (ClientID, Type, RegistrationDate) VALUES (97, 'Фізична особа', '2026-11-10');
INSERT INTO Client (ClientID, Type, RegistrationDate) VALUES (98, 'Фізична особа', '2026-11-22');
INSERT INTO Client (ClientID, Type, RegistrationDate) VALUES (99, 'Фізична особа', '2026-12-01');
INSERT INTO Client (ClientID, Type, RegistrationDate) VALUES (100, 'Фізична особа', '2026-12-15');
INSERT INTO Client (ClientID, Type, RegistrationDate) VALUES (101, 'Фізична особа', '2023-07-13');

INSERT INTO Individual (ClientID, FullName, Address, PhoneNumber) 
VALUES (1, 'Іваненко Іван Іванович', 'Київ, вул. Хрещатик, 10', 380501234567);
INSERT INTO Individual (ClientID, FullName, Address, PhoneNumber) 
VALUES (3, 'Петренко Олег Васильович', 'Одеса, вул. Дерибасівська, 15', 380671094537);
INSERT INTO Individual (ClientID, FullName, Address, PhoneNumber)
VALUES (4, 'Коваленко Андрій Миколайович', 'Харків, вул. Сумська, 20', 380662223344);
INSERT INTO Individual (ClientID, FullName, Address, PhoneNumber) 
VALUES (5, 'Григоренко Марина Олегівна', 'Дніпро, пр. Дмитра Яворницького, 50', 380501112233);
INSERT INTO Individual (ClientID, FullName, Address, PhoneNumber) 
VALUES (6, 'Ткачук Олег Вікторович', 'Запоріжжя, вул. Незалежності, 8', 380632345678);
INSERT INTO Individual (ClientID, FullName, Address, PhoneNumber) 
VALUES (7, 'Лисенко Ольга Сергіївна', 'Вінниця, вул. Соборна, 30', 380502223344);
INSERT INTO Individual (ClientID, FullName, Address, PhoneNumber) 
VALUES (8, 'Мельник Наталія Володимирівна', 'Полтава, вул. Шевченка, 12', 380931234569);
INSERT INTO Individual (ClientID, FullName, Address, PhoneNumber) 
VALUES (9, 'Романюк Дмитро Іванович', 'Чернігів, вул. Миру, 25', 380673456789);
INSERT INTO Individual (ClientID, FullName, Address, PhoneNumber) 
VALUES (10, 'Федорчук Анна Василівна', 'Черкаси, бул. Шевченка, 70', 380931112244);
INSERT INTO Individual (ClientID, FullName, Address, PhoneNumber) 
VALUES (11, 'Кравченко Віктор Михайлович', 'Житомир, вул. Перемоги, 5', 380671223344);
INSERT INTO Individual (ClientID, FullName, Address, PhoneNumber) 
VALUES (12, 'Онищенко Дарина Сергіївна', 'Суми, вул. Харківська, 17', 380931112255);
INSERT INTO Individual (ClientID, FullName, Address, PhoneNumber) 
VALUES (13, 'Бондаренко Артем Павлович', 'Кропивницький, вул. Велика Перспективна, 30', 380502334455);
INSERT INTO Individual (ClientID, FullName, Address, PhoneNumber) 
VALUES (14, 'Шевченко Юлія Анатоліївна', 'Миколаїв, пр. Центральний, 90', 380661122334);
INSERT INTO Individual (ClientID, FullName, Address, PhoneNumber) 
VALUES (15, 'Дмитренко Іван Степанович', 'Ужгород, вул. Корзо, 22', 380993334455);
INSERT INTO Individual (ClientID, FullName, Address, PhoneNumber) 
VALUES (16, 'Семенюк Вадим Олександрович', 'Луцьк, вул. Лесі Українки, 15', 380992223344);
INSERT INTO Individual (ClientID, FullName, Address, PhoneNumber) 
VALUES (17, 'Зінченко Оксана Петрівна', 'Тернопіль, вул. Руська, 8', 380972334455);
INSERT INTO Individual (ClientID, FullName, Address, PhoneNumber) 
VALUES (18, 'Мазур Олег Григорович', 'Чернівці, вул. Головна, 40', 380993456789);
INSERT INTO Individual (ClientID, FullName, Address, PhoneNumber) 
VALUES (19, 'Рябченко Світлана Ігорівна', 'Івано-Франківськ, вул. Незалежності, 100', 380993445566);
INSERT INTO Individual (ClientID, FullName, Address, PhoneNumber) 
VALUES (20, 'Тимошенко Катерина Василівна', 'Херсон, вул. Потьомкінська, 12', 380973556677);
INSERT INTO Individual (ClientID, FullName, Address, PhoneNumber) 
VALUES (21, 'Корнієнко Андрій Євгенович', 'Кременчук, вул. Перемоги, 45', 380974445566);
INSERT INTO Individual (ClientID, FullName, Address, PhoneNumber) 
VALUES (22, 'Мельничук Дмитро Володимирович', 'Біла Церква, вул. Ярослава Мудрого, 33', 380964334455);
INSERT INTO Individual (ClientID, FullName, Address, PhoneNumber) 
VALUES (23, 'Павленко Ольга Дмитрівна', 'Бровари, вул. Гагаріна, 27', 380954223344);
INSERT INTO Individual (ClientID, FullName, Address, PhoneNumber) 
VALUES (24, 'Гаврилюк Олексій Сергійович', 'Мукачево, вул. Ілони Зріні, 55', 380944112233);
INSERT INTO Individual (ClientID, FullName, Address, PhoneNumber) 
VALUES (25, 'Даниленко Марія Вікторівна', 'Кам’янець-Подільський, вул. Соборна, 99', 380934556677);
INSERT INTO Individual (ClientID, FullName, Address, PhoneNumber) 
VALUES (26, 'Коломієць Володимир Олексійович', 'Олександрія, вул. Декабристів, 5', 380924667788);
INSERT INTO Individual (ClientID, FullName, Address, PhoneNumber) 
VALUES (27, 'Захаренко Наталія Петрівна', 'Бердянськ, вул. Приморська, 3', 380914556677);
INSERT INTO Individual (ClientID, FullName, Address, PhoneNumber) 
VALUES (28, 'Мироненко Єгор Олегович', 'Ковель, вул. Брестська, 7', 380904445566);
INSERT INTO Individual (ClientID, FullName, Address, PhoneNumber) 
VALUES (29, 'Савченко Максим Артемович', 'Червоноград, вул. Січових Стрільців, 88', 380894334455);
INSERT INTO Individual (ClientID, FullName, Address, PhoneNumber) 
VALUES (30, 'Бойко Анастасія Олександрівна', 'Шостка, вул. Свободи, 21', 380884223344);
INSERT INTO Individual (ClientID, FullName, Address, PhoneNumber) 
VALUES (31, 'Коваль Андрій Сергійович', 'Полтава, вул. Європейська, 10', 380501234578);
INSERT INTO Individual (ClientID, FullName, Address, PhoneNumber) 
VALUES (32, 'Романенко Ольга Василівна', 'Вінниця, вул. Київська, 45', 380672223344);
INSERT INTO Individual (ClientID, FullName, Address, PhoneNumber) 
VALUES (33, 'Литвин Віталій Ігорович', 'Рівне, вул. Соборна, 12', 380931556677);
INSERT INTO Individual (ClientID, FullName, Address, PhoneNumber) 
VALUES (34, 'Гриценко Світлана Дмитрівна', 'Чернігів, вул. Шевченка, 78', 380662334455);
INSERT INTO Individual (ClientID, FullName, Address, PhoneNumber) 
VALUES (35, 'Мороз Артем Олександрович', 'Кривий Ріг, вул. Металургів, 35', 380992556677);
INSERT INTO Individual (ClientID, FullName, Address, PhoneNumber) 
VALUES (36, 'Сидоренко Катерина Павлівна', 'Мелітополь, вул. Гетьманська, 25', 380973334455);
INSERT INTO Individual (ClientID, FullName, Address, PhoneNumber) 
VALUES (37, 'Ткаченко Вадим Васильович', 'Сєвєродонецьк, пр. Центральний, 55', 380993112244);
INSERT INTO Individual (ClientID, FullName, Address, PhoneNumber) 
VALUES (38, 'Петренко Юлія Володимирівна', 'Краматорськ, вул. Паркова, 9', 380973556688);
INSERT INTO Individual (ClientID, FullName, Address, PhoneNumber) 
VALUES (39, 'Бондаренко Володимир Петрович', 'Буча, вул. Лісова, 33', 380992223311);
INSERT INTO Individual (ClientID, FullName, Address, PhoneNumber) 
VALUES (40, 'Козак Марина Іванівна', 'Фастів, вул. Героїв Небесної Сотні, 19', 380991556677);
INSERT INTO Individual (ClientID, FullName, Address, PhoneNumber) 
VALUES (41, 'Олійник Андрій Григорович', 'Бориспіль, вул. Київський Шлях, 66', 380982334455);
INSERT INTO Individual (ClientID, FullName, Address, PhoneNumber) 
VALUES (42, 'Кириленко Наталія Олегівна', 'Конотоп, вул. Батуринська, 10', 380971112233);
INSERT INTO Individual (ClientID, FullName, Address, PhoneNumber) 
VALUES (43, 'Мельник Максим Сергійович', 'Канів, вул. Дніпровська, 48', 380963556677);
INSERT INTO Individual (ClientID, FullName, Address, PhoneNumber) 
VALUES (44, 'Демченко Вікторія Іванівна', 'Прилуки, вул. Вокзальна, 22', 380992223344);
INSERT INTO Individual (ClientID, FullName, Address, PhoneNumber) 
VALUES (45, 'Яковенко Денис Володимирович', 'Шепетівка, вул. Героїв Майдану, 15', 380973334455);
INSERT INTO Individual (ClientID, FullName, Address, PhoneNumber) 
VALUES (46, 'Поліщук Ірина Анатоліївна', 'Коростень, вул. Франка, 8', 380972556677);
INSERT INTO Individual (ClientID, FullName, Address, PhoneNumber) 
VALUES (47, 'Степаненко Артем Вікторович', 'Новоград-Волинський, вул. Соборності, 40', 380994334455);
INSERT INTO Individual (ClientID, FullName, Address, PhoneNumber) 
VALUES (48, 'Мазуренко Олег Євгенович', 'Дубно, вул. Замкова, 100', 380993445566);
INSERT INTO Individual (ClientID, FullName, Address, PhoneNumber) 
VALUES (49, 'Захарченко Світлана Петрівна', 'Золотоноша, вул. Шевченка, 12', 380983556677);
INSERT INTO Individual (ClientID, FullName, Address, PhoneNumber) 
VALUES (50, 'Лисенко Олександр Дмитрович', 'Сміла, вул. Незалежності, 45', 380974445566);
INSERT INTO Individual (ClientID, FullName, Address, PhoneNumber) 
VALUES (51, 'Кузьменко Ольга Вікторівна', 'Калуш, вул. Стуса, 33', 380964334455);
INSERT INTO Individual (ClientID, FullName, Address, PhoneNumber) 
VALUES (52, 'Тищенко Віталій Петрович', 'Бережани, вул. Грушевського, 27', 380954223344);
INSERT INTO Individual (ClientID, FullName, Address, PhoneNumber) 
VALUES (53, 'Дорошенко Наталія Ігорівна', 'Коломия, вул. Мазепи, 55', 380944112233);
INSERT INTO Individual (ClientID, FullName, Address, PhoneNumber) 
VALUES (54, 'Семенюк Андрій Олексійович', 'Бахмут, вул. Леніна, 99', 380934556677);
INSERT INTO Individual (ClientID, FullName, Address, PhoneNumber) 
VALUES (55, 'Гаврилюк Тетяна Володимирівна', 'Костянтинівка, вул. Центральна, 5', 380924667788);
INSERT INTO Individual (ClientID, FullName, Address, PhoneNumber) 
VALUES (56, 'Данилюк Володимир Іванович', 'Покровськ, вул. Першотравнева, 3', 380914556677);
INSERT INTO Individual (ClientID, FullName, Address, PhoneNumber) 
VALUES (57, 'Миронюк Марія Сергіївна', 'Ізмаїл, вул. Дунайська, 7', 380904445566);
INSERT INTO Individual (ClientID, FullName, Address, PhoneNumber) 
VALUES (58, 'Бойко Євгенія Артемівна', 'Чортків, вул. Богдана Хмельницького, 88', 380894334455);
INSERT INTO Individual (ClientID, FullName, Address, PhoneNumber) 
VALUES (59, 'Савченко Олексій Володимирович', 'Ладижин, вул. Промислова, 21', 380884223344);
INSERT INTO Individual (ClientID, FullName, Address, PhoneNumber) 
VALUES (60, 'Петренко Оксана Василівна', 'Трускавець, вул. Дрогобицька, 10', 380873112233);
INSERT INTO Individual (ClientID, FullName, Address, PhoneNumber) 
VALUES (61, 'Терещенко Максим Олегович', 'Умань, вул. Шевченка, 5', 380872334455);
INSERT INTO Individual (ClientID, FullName, Address, PhoneNumber) 
VALUES (62, 'Ковальчук Дмитро Анатолійович', 'Вознесенськ, вул. Київська, 14', 380862223344);
INSERT INTO Individual (ClientID, FullName, Address, PhoneNumber) 
VALUES (63, 'Рибалко Олена Сергіївна', 'Первомайськ, вул. Центральна, 8', 380852556677);
INSERT INTO Individual (ClientID, FullName, Address, PhoneNumber) 
VALUES (64, 'Зінченко Володимир Павлович', 'Славутич, вул. Дружби, 10', 380841112233);
INSERT INTO Individual (ClientID, FullName, Address, PhoneNumber) 
VALUES (65, 'Павленко Артем Юрійович', 'Жовті Води, вул. Садова, 19', 380831556677);
INSERT INTO Individual (ClientID, FullName, Address, PhoneNumber) 
VALUES (66, 'Корнієнко Світлана Олександрівна', 'Лозова, вул. Вокзальна, 23', 380821334455);
INSERT INTO Individual (ClientID, FullName, Address, PhoneNumber) 
VALUES (67, 'Федоренко Марина Олегівна', 'Чугуїв, вул. Харківська, 6', 380811556677);
INSERT INTO Individual (ClientID, FullName, Address, PhoneNumber) 
VALUES (68, 'Шевченко Григорій Іванович', 'Васильків, вул. Незалежності, 11', 380801223344);
INSERT INTO Individual (ClientID, FullName, Address, PhoneNumber) 
VALUES (69, 'Опанасенко Катерина Василівна', 'Каховка, вул. Перемоги, 45', 380791112233);
INSERT INTO Individual (ClientID, FullName, Address, PhoneNumber) 
VALUES (70, 'Гончарук Віктор Сергійович', 'Нікополь, вул. Енергетиків, 7', 380781334455);
INSERT INTO Individual (ClientID, FullName, Address, PhoneNumber) 
VALUES (71, 'Дудник Олексій Миколайович', 'Шостка, вул. Паркова, 16', 380771556677);
INSERT INTO Individual (ClientID, FullName, Address, PhoneNumber) 
VALUES (72, 'Савицька Тетяна Ігорівна', 'Ірпінь, вул. Лісова, 9', 380761112233);
INSERT INTO Individual (ClientID, FullName, Address, PhoneNumber) 
VALUES (73, 'Гаврилюк Андрій Павлович', 'Феодосія, вул. Героїв, 27', 380751334455);
INSERT INTO Individual (ClientID, FullName, Address, PhoneNumber) 
VALUES (74, 'Семенова Дарина Володимирівна', 'Южне, вул. Море, 13', 380741223344);
INSERT INTO Individual (ClientID, FullName, Address, PhoneNumber) 
VALUES (75, 'Коваленко Василь Григорович', 'Мирноград, вул. Центральна, 21', 380731556677);
INSERT INTO Individual (ClientID, FullName, Address, PhoneNumber) 
VALUES (76, 'Тимошенко Оксана Петрівна', 'Дружківка, вул. Весела, 30', 380721334455);
INSERT INTO Individual (ClientID, FullName, Address, PhoneNumber) 
VALUES (77, 'Мартиненко Іван Олександрович', 'Снігурівка, вул. Молодіжна, 5', 380711223344);
INSERT INTO Individual (ClientID, FullName, Address, PhoneNumber) 
VALUES (78, 'Юрченко Світлана Віталіївна', 'Мостиська, вул. Головна, 12', 380701556677);
INSERT INTO Individual (ClientID, FullName, Address, PhoneNumber) 
VALUES (79, 'Шаповал Олег Володимирович', 'Кілія, вул. Дунайська, 10', 380691112233);
INSERT INTO Individual (ClientID, FullName, Address, PhoneNumber) 
VALUES (80, 'Лисенко Марина Сергіївна', 'Знам’янка, вул. Черкаська, 28', 380681334455);
INSERT INTO Individual (ClientID, FullName, Address, PhoneNumber) 
VALUES (81, 'Романюк Ігор Вікторович', 'Рахів, вул. Гірська, 9', 380671556677);
INSERT INTO Individual (ClientID, FullName, Address, PhoneNumber) 
VALUES (82, 'Зубко Олена Михайлівна', 'Бердичів, вул. Свободи, 11', 380661223344);
INSERT INTO Individual (ClientID, FullName, Address, PhoneNumber) 
VALUES (83, 'Гордієнко Артем Дмитрович', 'Свалява, вул. Карпатська, 7', 380651112233);
INSERT INTO Individual (ClientID, FullName, Address, PhoneNumber) 
VALUES (84, 'Гриценко Віталій Олександрович', 'Глухів, вул. Незалежності, 22', 380641334455);
INSERT INTO Individual (ClientID, FullName, Address, PhoneNumber) 
VALUES (85, 'Білоус Ірина Олегівна', 'Пустомити, вул. Лесі Українки, 5', 380631223344);
INSERT INTO Individual (ClientID, FullName, Address, PhoneNumber) 
VALUES (86, 'Коваль Олександр Юрійович', 'Борщів, вул. Замкова, 16', 380621556677);
INSERT INTO Individual (ClientID, FullName, Address, PhoneNumber) 
VALUES (87, 'Лавренюк Дмитро Васильович', 'Сколе, вул. Франка, 4', 380611112233);
INSERT INTO Individual (ClientID, FullName, Address, PhoneNumber) 
VALUES (88, 'Петрук Наталія Андріївна', 'Тячів, вул. Дружби, 19', 380601334455);
INSERT INTO Individual (ClientID, FullName, Address, PhoneNumber) 
VALUES (89, 'Щербак Олексій Сергійович', 'Косів, вул. Верховинська, 10', 380591556677);
INSERT INTO Individual (ClientID, FullName, Address, PhoneNumber) 
VALUES (90, 'Руденко Василь Григорович', 'Бучач, вул. Дністровська, 11', 380581223344);
INSERT INTO Individual (ClientID, FullName, Address, PhoneNumber) 
VALUES (91, 'Савчук Володимир Іванович', 'Гадяч, вул. Полтавська, 14', 380571112233);
INSERT INTO Individual (ClientID, FullName, Address, PhoneNumber) 
VALUES (92, 'Тарасенко Артем Павлович', 'Снятин, вул. Грушевського, 15', 380561334455);
INSERT INTO Individual (ClientID, FullName, Address, PhoneNumber) 
VALUES (93, 'Пономаренко Світлана Віталіївна', 'Рені, вул. Одеська, 12', 380551223344);
INSERT INTO Individual (ClientID, FullName, Address, PhoneNumber) 
VALUES (94, 'Дорошенко Ольга Володимирівна', 'Вилкове, вул. Лісова, 7', 380541556677);
INSERT INTO Individual (ClientID, FullName, Address, PhoneNumber) 
VALUES (95, 'Курило Оксана Сергіївна', 'Кам’янець-Подільський, вул. Франка, 20', 380531112233);
INSERT INTO Individual (ClientID, FullName, Address, PhoneNumber) 
VALUES (96, 'Бондаренко Сергій Олександрович', 'Кривий Ріг, вул. Металургів, 18', 380521334455);
INSERT INTO Individual (ClientID, FullName, Address, PhoneNumber) 
VALUES (97, 'Мельник Анна Віталіївна', 'Мукачево, вул. Замкова, 22', 380511556677);
INSERT INTO Individual (ClientID, FullName, Address, PhoneNumber) 
VALUES (98, 'Данилюк Віктор Ігорович', 'Біла Церква, вул. Шевченка, 8', 380501223344);
INSERT INTO Individual (ClientID, FullName, Address, PhoneNumber) 
VALUES (99, 'Кравчук Ірина Сергіївна', 'Тернопіль, вул. Руська, 15', 380491112233);
INSERT INTO Individual (ClientID, FullName, Address, PhoneNumber) 
VALUES (100, 'Олійник Павло Григорович', 'Житомир, вул. Перемоги, 30', 380481334455);
INSERT INTO Individual (ClientID, FullName, Address, PhoneNumber) 
VALUES (101, 'Сидоренко Андрій Миколайович', 'Черкаси, вул. Дніпровська, 12', 380471556677);

INSERT INTO LegalEntity (ClientID, CompanyName, PhoneNumber, Address, TaxID) 
VALUES (2, 'ТОВ "МобілТех"', 380444567890, 'Львів, вул. Замкова, 12', 1234567890);

INSERT INTO Phone (PhoneID, Manufacturer, Model, Specifications, Price, Availability) 
VALUES (1, 'Apple', 'iPhone 14', '128GB, Black', 35000, 'В наявності');
INSERT INTO Phone (PhoneID, Manufacturer, Model, Specifications, Price, Availability) 
VALUES (2, 'Samsung', 'Galaxy S23', '256GB, Silver', 30000, 'В наявності');
INSERT INTO Phone (PhoneID, Manufacturer, Model, Specifications, Price, Availability) 
VALUES (3, 'Xiaomi', 'Redmi Note 12', '64GB, Blue', 15000, 'В наявності');
INSERT INTO Phone (PhoneID, Manufacturer, Model, Specifications, Price, Availability) 
VALUES (4, 'Samsung', 'Galaxy S23', '256GB, Phantom Black', 32000, 'В наявності');
INSERT INTO Phone (PhoneID, Manufacturer, Model, Specifications, Price, Availability) 
VALUES (5, 'Xiaomi', 'Redmi Note 12', '128GB, Blue', 12000, 'В наявності');
INSERT INTO Phone (PhoneID, Manufacturer, Model, Specifications, Price, Availability) 
VALUES (6, 'Apple', 'iPhone 13', '128GB, Starlight', 30000, 'В наявності');
INSERT INTO Phone (PhoneID, Manufacturer, Model, Specifications, Price, Availability) 
VALUES (7, 'OnePlus', '10 Pro', '256GB, Emerald Forest', 28000, 'В наявності');
INSERT INTO Phone (PhoneID, Manufacturer, Model, Specifications, Price, Availability) 
VALUES (8, 'Google', 'Pixel 7', '128GB, Snow', 27000, 'В наявності');
INSERT INTO Phone (PhoneID, Manufacturer, Model, Specifications, Price, Availability) 
VALUES (9, 'Realme', 'GT Neo 3', '256GB, Nitro Blue', 22000, 'В наявності');
INSERT INTO Phone (PhoneID, Manufacturer, Model, Specifications, Price, Availability) 
VALUES (10, 'Samsung', 'Galaxy A54', '128GB, Lime', 17000, 'Немає в наявності');
INSERT INTO Phone (PhoneID, Manufacturer, Model, Specifications, Price, Availability) 
VALUES (11, 'Xiaomi', 'Poco X5 Pro', '256GB, Yellow', 16000, 'В наявності');
INSERT INTO Phone (PhoneID, Manufacturer, Model, Specifications, Price, Availability) 
VALUES (12, 'Apple', 'iPhone 12', '64GB, Purple', 25000, 'В наявності');
INSERT INTO Phone (PhoneID, Manufacturer, Model, Specifications, Price, Availability) 
VALUES (13, 'Samsung', 'Galaxy S22', '128GB, Green', 29000, 'В наявності');
INSERT INTO Phone (PhoneID, Manufacturer, Model, Specifications, Price, Availability) 
VALUES (14, 'Google', 'Pixel 6a', '128GB, Charcoal', 19000, 'В наявності');
INSERT INTO Phone (PhoneID, Manufacturer, Model, Specifications, Price, Availability) 
VALUES (15, 'OnePlus', 'Nord 2T', '128GB, Gray Shadow', 18000, 'В наявності');
INSERT INTO Phone (PhoneID, Manufacturer, Model, Specifications, Price, Availability) 
VALUES (16, 'Realme', '10 Pro', '256GB, Dark Matter', 15000, 'Немає в наявності');
INSERT INTO Phone (PhoneID, Manufacturer, Model, Specifications, Price, Availability) 
VALUES (17, 'Xiaomi', 'Mi 11 Ultra', '512GB, Ceramic Black', 35000, 'В наявності');
INSERT INTO Phone (PhoneID, Manufacturer, Model, Specifications, Price, Availability) 
VALUES (18, 'Apple', 'iPhone SE (2022)', '64GB, Red', 20000, 'В наявності');
INSERT INTO Phone (PhoneID, Manufacturer, Model, Specifications, Price, Availability) 
VALUES (19, 'Samsung', 'Galaxy Z Flip 4', '256GB, Bora Purple', 40000, 'В наявності');
INSERT INTO Phone (PhoneID, Manufacturer, Model, Specifications, Price, Availability) 
VALUES (20, 'Google', 'Pixel 7 Pro', '512GB, Hazel', 37000, 'В наявності');
INSERT INTO Phone (PhoneID, Manufacturer, Model, Specifications, Price, Availability) 
VALUES (21, 'Xiaomi', 'Redmi Note 11 Pro', '128GB, Graphite Gray', 14000, 'В наявності');
INSERT INTO Phone (PhoneID, Manufacturer, Model, Specifications, Price, Availability) 
VALUES (22, 'Realme', '9i', '128GB, Prism Blue', 13000, 'Немає в наявності');
INSERT INTO Phone (PhoneID, Manufacturer, Model, Specifications, Price, Availability) 
VALUES (23, 'OnePlus', '9R', '256GB, Carbon Black', 24000, 'В наявності');
INSERT INTO Phone (PhoneID, Manufacturer, Model, Specifications, Price, Availability) 
VALUES (24, 'Apple', 'iPhone 11', '128GB, Green', 27000, 'В наявності');
INSERT INTO Phone (PhoneID, Manufacturer, Model, Specifications, Price, Availability) 
VALUES (25, 'Samsung', 'Galaxy M53', '128GB, Blue', 19000, 'В наявності');
INSERT INTO Phone (PhoneID, Manufacturer, Model, Specifications, Price, Availability) 
VALUES (26, 'Xiaomi', 'Poco F4 GT', '256GB, Stealth Black', 23000, 'В наявності');
INSERT INTO Phone (PhoneID, Manufacturer, Model, Specifications, Price, Availability) 
VALUES (27, 'Realme', 'Narzo 50', '128GB, Speed Blue', 11000, 'В наявності');
INSERT INTO Phone (PhoneID, Manufacturer, Model, Specifications, Price, Availability) 
VALUES (28, 'Google', 'Pixel 5a', '128GB, Mostly Black', 16000, 'В наявності');
INSERT INTO Phone (PhoneID, Manufacturer, Model, Specifications, Price, Availability) 
VALUES (29, 'OnePlus', '8T', '256GB, Lunar Silver', 21000, 'В наявності');
INSERT INTO Phone (PhoneID, Manufacturer, Model, Specifications, Price, Availability) 
VALUES (30, 'Apple', 'iPhone XR', '64GB, White', 22000, 'В наявності');
INSERT INTO Phone (PhoneID, Manufacturer, Model, Specifications, Price, Availability) 
VALUES (31, 'Samsung', 'Galaxy S21', '128GB, Phantom White', 25000, 'В наявності');
INSERT INTO Phone (PhoneID, Manufacturer, Model, Specifications, Price, Availability) 
VALUES (32, 'Xiaomi', 'Redmi 10', '64GB, Carbon Gray', 9000, 'Немає в наявності');
INSERT INTO Phone (PhoneID, Manufacturer, Model, Specifications, Price, Availability) 
VALUES (33, 'Apple', 'iPhone 15', '256GB, Midnight', 40000, 'В наявності');
INSERT INTO Phone (PhoneID, Manufacturer, Model, Specifications, Price, Availability) 
VALUES (34, 'Google', 'Pixel 6', '128GB, Kinda Coral', 28000, 'Немає в наявності');
INSERT INTO Phone (PhoneID, Manufacturer, Model, Specifications, Price, Availability) 
VALUES (35, 'OnePlus', 'Nord CE 2', '128GB, Bahama Blue', 17000, 'В наявності');
INSERT INTO Phone (PhoneID, Manufacturer, Model, Specifications, Price, Availability) 
VALUES (36, 'Realme', 'GT Master', '256GB, Voyager Grey', 20000, 'В наявності');
INSERT INTO Phone (PhoneID, Manufacturer, Model, Specifications, Price, Availability) 
VALUES (37, 'Samsung', 'Galaxy Z Fold 4', '512GB, Beige', 60000, 'В наявності');
INSERT INTO Phone (PhoneID, Manufacturer, Model, Specifications, Price, Availability) 
VALUES (38, 'Xiaomi', 'Poco X4 GT', '256GB, Green', 16000, 'Немає в наявності');
INSERT INTO Phone (PhoneID, Manufacturer, Model, Specifications, Price, Availability) 
VALUES (39, 'Apple', 'iPhone 13 Pro', '512GB, Sierra Blue', 55000, 'В наявності');
INSERT INTO Phone (PhoneID, Manufacturer, Model, Specifications, Price, Availability) 
VALUES (40, 'Google', 'Pixel 4a', '128GB, Just Black', 14000, 'Немає в наявності');
INSERT INTO Phone (PhoneID, Manufacturer, Model, Specifications, Price, Availability) 
VALUES (41, 'Samsung', 'Galaxy A72', '128GB, Awesome Violet', 21000, 'В наявності');
INSERT INTO Phone (PhoneID, Manufacturer, Model, Specifications, Price, Availability) 
VALUES (42, 'OnePlus', '8 Pro', '256GB, Ultramarine Blue', 26000, 'Немає в наявності');
INSERT INTO Phone (PhoneID, Manufacturer, Model, Specifications, Price, Availability) 
VALUES (43, 'Xiaomi', 'Mi 10T', '128GB, Cosmic Black', 18000, 'В наявності');
INSERT INTO Phone (PhoneID, Manufacturer, Model, Specifications, Price, Availability) 
VALUES (44, 'Realme', '8 Pro', '128GB, Infinite Black', 13000, 'Немає в наявності');
INSERT INTO Phone (PhoneID, Manufacturer, Model, Specifications, Price, Availability) 
VALUES (45, 'Apple', 'iPhone 14 Pro', '1TB, Deep Purple', 70000, 'В наявності');
INSERT INTO Phone (PhoneID, Manufacturer, Model, Specifications, Price, Availability) 
VALUES (46, 'Samsung', 'Galaxy Note 20', '256GB, Mystic Bronze', 34000, 'Немає в наявності');
INSERT INTO Phone (PhoneID, Manufacturer, Model, Specifications, Price, Availability) 
VALUES (47, 'Google', 'Pixel 3', '64GB, Clearly White', 10000, 'Немає в наявності');
INSERT INTO Phone (PhoneID, Manufacturer, Model, Specifications, Price, Availability) 
VALUES (48, 'OnePlus', '7T', '128GB, Frosted Silver', 15000, 'В наявності');
INSERT INTO Phone (PhoneID, Manufacturer, Model, Specifications, Price, Availability) 
VALUES (49, 'Xiaomi', 'Redmi 9', '64GB, Ocean Green', 8000, 'Немає в наявності');
INSERT INTO Phone (PhoneID, Manufacturer, Model, Specifications, Price, Availability) 
VALUES (50, 'Realme', '7i', '128GB, Aurora Green', 12000, 'В наявності');
INSERT INTO Phone (PhoneID, Manufacturer, Model, Specifications, Price, Availability) 
VALUES (51, 'Apple', 'iPhone XS', '256GB, Space Gray', 22000, 'Немає в наявності');
INSERT INTO Phone (PhoneID, Manufacturer, Model, Specifications, Price, Availability) 
VALUES (52, 'Samsung', 'Galaxy S10', '128GB, Prism White', 18000, 'В наявності');
INSERT INTO Phone (PhoneID, Manufacturer, Model, Specifications, Price, Availability) 
VALUES (53, 'Google', 'Pixel 2 XL', '128GB, Black & White', 9000, 'Немає в наявності');
INSERT INTO Phone (PhoneID, Manufacturer, Model, Specifications, Price, Availability) 
VALUES (54, 'OnePlus', '6T', '256GB, Thunder Purple', 13000, 'В наявності');
INSERT INTO Phone (PhoneID, Manufacturer, Model, Specifications, Price, Availability) 
VALUES (55, 'Xiaomi', 'Redmi Note 9', '128GB, Midnight Grey', 10000, 'Немає в наявності');
INSERT INTO Phone (PhoneID, Manufacturer, Model, Specifications, Price, Availability) 
VALUES (56, 'Realme', '6 Pro', '128GB, Lightning Blue', 14000, 'В наявності');
INSERT INTO Phone (PhoneID, Manufacturer, Model, Specifications, Price, Availability) 
VALUES (57, 'Apple', 'iPhone 8 Plus', '64GB, Gold', 16000, 'Немає в наявності');
INSERT INTO Phone (PhoneID, Manufacturer, Model, Specifications, Price, Availability) 
VALUES (58, 'Samsung', 'Galaxy A32', '128GB, Awesome Black', 15000, 'В наявності');
INSERT INTO Phone (PhoneID, Manufacturer, Model, Specifications, Price, Availability) 
VALUES (59, 'Google', 'Pixel 1', '64GB, Very Silver', 7000, 'Немає в наявності');
INSERT INTO Phone (PhoneID, Manufacturer, Model, Specifications, Price, Availability) 
VALUES (60, 'OnePlus', '5T', '128GB, Lava Red', 11000, 'В наявності');
INSERT INTO Phone (PhoneID, Manufacturer, Model, Specifications, Price, Availability) 
VALUES (61, 'Xiaomi', 'Redmi Note 11', '128GB, Graphite Gray', 12000, 'В наявності');
INSERT INTO Phone (PhoneID, Manufacturer, Model, Specifications, Price, Availability) 
VALUES (62, 'Apple', 'iPhone SE (2022)', '64GB, Starlight', 18000, 'Немає в наявності');
INSERT INTO Phone (PhoneID, Manufacturer, Model, Specifications, Price, Availability) 
VALUES (63, 'Samsung', 'Galaxy Z Flip 4', '256GB, Bora Purple', 45000, 'В наявності');
INSERT INTO Phone (PhoneID, Manufacturer, Model, Specifications, Price, Availability) 
VALUES (64, 'Google', 'Pixel 7', '128GB, Lemongrass', 32000, 'Немає в наявності');
INSERT INTO Phone (PhoneID, Manufacturer, Model, Specifications, Price, Availability) 
VALUES (65, 'OnePlus', '10 Pro', '256GB, Volcanic Black', 37000, 'В наявності');
INSERT INTO Phone (PhoneID, Manufacturer, Model, Specifications, Price, Availability) 
VALUES (66, 'Realme', 'Narzo 50', '128GB, Speed Blue', 14000, 'В наявності');
INSERT INTO Phone (PhoneID, Manufacturer, Model, Specifications, Price, Availability) 
VALUES (67, 'Xiaomi', 'Mi 11 Ultra', '512GB, Ceramic White', 55000, 'Немає в наявності');
INSERT INTO Phone (PhoneID, Manufacturer, Model, Specifications, Price, Availability) 
VALUES (68, 'Apple', 'iPhone 12 Mini', '128GB, Green', 26000, 'В наявності');
INSERT INTO Phone (PhoneID, Manufacturer, Model, Specifications, Price, Availability) 
VALUES (69, 'Samsung', 'Galaxy M52', '128GB, Blazing Black', 15000, 'Немає в наявності');
INSERT INTO Phone (PhoneID, Manufacturer, Model, Specifications, Price, Availability) 
VALUES (70, 'Google', 'Pixel 5', '128GB, Sorta Sage', 28000, 'В наявності');
INSERT INTO Phone (PhoneID, Manufacturer, Model, Specifications, Price, Availability) 
VALUES (71, 'OnePlus', 'Nord 2', '128GB, Blue Haze', 20000, 'Немає в наявності');
INSERT INTO Phone (PhoneID, Manufacturer, Model, Specifications, Price, Availability) 
VALUES (72, 'Realme', 'GT Neo 3', '256GB, Nitro Blue', 30000, 'В наявності');
INSERT INTO Phone (PhoneID, Manufacturer, Model, Specifications, Price, Availability) 
VALUES (73, 'Xiaomi', 'Poco F4', '128GB, Night Black', 23000, 'В наявності');
INSERT INTO Phone (PhoneID, Manufacturer, Model, Specifications, Price, Availability) 
VALUES (74, 'Apple', 'iPhone XR', '128GB, Coral', 21000, 'Немає в наявності');
INSERT INTO Phone (PhoneID, Manufacturer, Model, Specifications, Price, Availability) 
VALUES (75, 'Samsung', 'Galaxy A53', '256GB, Awesome Peach', 18000, 'В наявності');
INSERT INTO Phone (PhoneID, Manufacturer, Model, Specifications, Price, Availability) 
VALUES (76, 'Google', 'Pixel 6a', '128GB, Chalk', 25000, 'Немає в наявності');
INSERT INTO Phone (PhoneID, Manufacturer, Model, Specifications, Price, Availability) 
VALUES (77, 'OnePlus', '9 Pro', '256GB, Morning Mist', 41000, 'В наявності');
INSERT INTO Phone (PhoneID, Manufacturer, Model, Specifications, Price, Availability) 
VALUES (78, 'Realme', '8', '128GB, Cyber Silver', 14000, 'Немає в наявності');
INSERT INTO Phone (PhoneID, Manufacturer, Model, Specifications, Price, Availability) 
VALUES (79, 'Xiaomi', 'Redmi K50', '128GB, Dimensity Edition', 27000, 'В наявності');
INSERT INTO Phone (PhoneID, Manufacturer, Model, Specifications, Price, Availability) 
VALUES (80, 'Apple', 'iPhone 11 Pro Max', '512GB, Midnight Green', 60000, 'Немає в наявності');
INSERT INTO Phone (PhoneID, Manufacturer, Model, Specifications, Price, Availability) 
VALUES (81, 'Samsung', 'Galaxy S22 Ultra', '1TB, Burgundy', 80000, 'В наявності');
INSERT INTO Phone (PhoneID, Manufacturer, Model, Specifications, Price, Availability) 
VALUES (82, 'Google', 'Pixel 4', '64GB, Clearly White', 19000, 'Немає в наявності');
INSERT INTO Phone (PhoneID, Manufacturer, Model, Specifications, Price, Availability) 
VALUES (83, 'OnePlus', '7', '128GB, Mirror Gray', 17000, 'В наявності');
INSERT INTO Phone (PhoneID, Manufacturer, Model, Specifications, Price, Availability) 
VALUES (84, 'Realme', 'C25', '64GB, Water Blue', 11000, 'Немає в наявності');
INSERT INTO Phone (PhoneID, Manufacturer, Model, Specifications, Price, Availability) 
VALUES (85, 'Xiaomi', 'Black Shark 4', '256GB, Shadow Black', 29000, 'В наявності');
INSERT INTO Phone (PhoneID, Manufacturer, Model, Specifications, Price, Availability) 
VALUES (86, 'Apple', 'iPhone 13', '256GB, Midnight', 39000, 'В наявності');
INSERT INTO Phone (PhoneID, Manufacturer, Model, Specifications, Price, Availability) 
VALUES (87, 'Samsung', 'Galaxy A73', '128GB, Mint', 21000, 'Немає в наявності');
INSERT INTO Phone (PhoneID, Manufacturer, Model, Specifications, Price, Availability) 
VALUES (88, 'Google', 'Pixel 6 Pro', '512GB, Cloudy White', 50000, 'В наявності');
INSERT INTO Phone (PhoneID, Manufacturer, Model, Specifications, Price, Availability) 
VALUES (89, 'OnePlus', '8T', '256GB, Aquamarine Green', 32000, 'Немає в наявності');
INSERT INTO Phone (PhoneID, Manufacturer, Model, Specifications, Price, Availability) 
VALUES (90, 'Realme', '9 Pro+', '128GB, Sunrise Blue', 26000, 'В наявності');
INSERT INTO Phone (PhoneID, Manufacturer, Model, Specifications, Price, Availability) 
VALUES (91, 'Xiaomi', 'Mi 10T Pro', '256GB, Lunar Silver', 28000, 'Немає в наявності');
INSERT INTO Phone (PhoneID, Manufacturer, Model, Specifications, Price, Availability) 
VALUES (92, 'Apple', 'iPhone 11', '128GB, Red', 27000, 'В наявності');
INSERT INTO Phone (PhoneID, Manufacturer, Model, Specifications, Price, Availability) 
VALUES (93, 'Samsung', 'Galaxy Note 20 Ultra', '512GB, Mystic Bronze', 60000, 'Немає в наявності');
INSERT INTO Phone (PhoneID, Manufacturer, Model, Specifications, Price, Availability) 
VALUES (94, 'Google', 'Pixel 3 XL', '128GB, Not Pink', 17000, 'В наявності');
INSERT INTO Phone (PhoneID, Manufacturer, Model, Specifications, Price, Availability) 
VALUES (95, 'OnePlus', 'Nord CE 2', '128GB, Gray Mirror', 22000, 'Немає в наявності');
INSERT INTO Phone (PhoneID, Manufacturer, Model, Specifications, Price, Availability) 
VALUES (96, 'Realme', 'GT 2 Pro', '512GB, Paper White', 33000, 'В наявності');
INSERT INTO Phone (PhoneID, Manufacturer, Model, Specifications, Price, Availability) 
VALUES (97, 'Xiaomi', 'Redmi 10', '128GB, Pebble White', 13000, 'Немає в наявності');
INSERT INTO Phone (PhoneID, Manufacturer, Model, Specifications, Price, Availability) 
VALUES (98, 'Apple', 'iPhone XS Max', '512GB, Space Gray', 45000, 'В наявності');
INSERT INTO Phone (PhoneID, Manufacturer, Model, Specifications, Price, Availability) 
VALUES (99, 'Samsung', 'Galaxy S21 FE', '256GB, Olive', 34000, 'Немає в наявності');
INSERT INTO Phone (PhoneID, Manufacturer, Model, Specifications, Price, Availability) 
VALUES (100, 'Google', 'Pixel 4a', '128GB, Just Black', 20000, 'В наявності');

INSERT INTO Orders (OrderID, ClientID, OrderDate, CompletionDate, OrderAmount) 
VALUES (1, 1, '2024-03-01', NULL, 35000);
INSERT INTO Orders (OrderID, ClientID, OrderDate, CompletionDate, OrderAmount) 
VALUES (2, 3, '2024-03-05', '2024-03-10', 15000);
INSERT INTO Orders (OrderID, ClientID, OrderDate, CompletionDate, OrderAmount) 
VALUES (3, 5, '2024-08-07', '2024-08-12', 81000);
INSERT INTO Orders (OrderID, ClientID, OrderDate, CompletionDate, OrderAmount) 
VALUES (4, 8, '2025-01-10', '2025-01-13', 80000);
INSERT INTO Orders (OrderID, ClientID, OrderDate, CompletionDate, OrderAmount) 
VALUES (5, 21, '2025-02-12', '2025-02-15', 90000);
INSERT INTO Orders (OrderID, ClientID, OrderDate, CompletionDate, OrderAmount) 
VALUES (6, 8, '2025-01-12', '2025-01-15', 70000);


INSERT INTO OrderLine (LineID, OrderID, PhoneID, Quantity) 
VALUES (1, 1, 1, 1);
INSERT INTO OrderLine (LineID, OrderID, PhoneID, Quantity) 
VALUES (2, 2, 3, 1);
INSERT INTO OrderLine (LineID, OrderID, PhoneID, Quantity) 
VALUES (3, 3, 8, 3);
INSERT INTO OrderLine (LineID, OrderID, PhoneID, Quantity) 
VALUES (4, 4, 33, 2);
INSERT INTO OrderLine (LineID, OrderID, PhoneID, Quantity) 
VALUES (5, 5, 48, 6);
INSERT INTO OrderLine (LineID, OrderID, PhoneID, Quantity) 
VALUES (6, 6, 45, 1);
