INSERT INTO Client (ClientID, Type, RegistrationDate) VALUES (1, 'Фізична особа', '2024-01-15');
INSERT INTO Client (ClientID, Type, RegistrationDate) VALUES (2, 'Юридична особа', '2024-02-20');
INSERT INTO Client (ClientID, Type, RegistrationDate) VALUES (3, 'Фізична особа', '2024-05-01');
INSERT INTO Client (ClientID, Type, RegistrationDate) VALUES (4, 'Фізична особа', '2023-04-10');
INSERT INTO Client (ClientID, Type, RegistrationDate) VALUES (5, 'Фізична особа', '2023-05-12');
INSERT INTO Client (ClientID, Type, RegistrationDate) VALUES (6, 'Фізична особа', '2023-06-15');
INSERT INTO Client (ClientID, Type, RegistrationDate) VALUES (7, 'Фізична особа', '2023-07-20');
INSERT INTO Client (ClientID, Type, RegistrationDate) VALUES (8, 'Фізична особа', '2023-08-22');
INSERT INTO Client (ClientID, Type, RegistrationDate) VALUES (9, 'Фізична особа', '2023-09-25');
INSERT INTO Client (ClientID, Type, RegistrationDate) VALUES (10, 'Фізична особа', '2023-10-30');
INSERT INTO Client (ClientID, Type, RegistrationDate) VALUES (11, 'Фізична особа', '2023-11-10');
INSERT INTO Client (ClientID, Type, RegistrationDate) VALUES (12, 'Фізична особа', '2023-12-01');
INSERT INTO Client (ClientID, Type, RegistrationDate) VALUES (13, 'Фізична особа', '2024-01-05');
INSERT INTO Client (ClientID, Type, RegistrationDate) VALUES (14, 'Фізична особа', '2024-01-20');
INSERT INTO Client (ClientID, Type, RegistrationDate) VALUES (15, 'Фізична особа', '2024-02-15');
INSERT INTO Client (ClientID, Type, RegistrationDate) VALUES (16, 'Фізична особа', '2024-02-28');
INSERT INTO Client (ClientID, Type, RegistrationDate) VALUES (17, 'Фізична особа', '2024-03-10');
INSERT INTO Client (ClientID, Type, RegistrationDate) VALUES (18, 'Фізична особа', '2024-03-22');
INSERT INTO Client (ClientID, Type, RegistrationDate) VALUES (19, 'Фізична особа', '2024-04-05');
INSERT INTO Client (ClientID, Type, RegistrationDate) VALUES (20, 'Фізична особа', '2024-04-18');
INSERT INTO Client (ClientID, Type, RegistrationDate) VALUES (21, 'Фізична особа', '2024-05-01');
INSERT INTO Client (ClientID, Type, RegistrationDate) VALUES (22, 'Фізична особа', '2024-05-14');
INSERT INTO Client (ClientID, Type, RegistrationDate) VALUES (23, 'Фізична особа', '2024-05-27');
INSERT INTO Client (ClientID, Type, RegistrationDate) VALUES (24, 'Фізична особа', '2024-06-05');
INSERT INTO Client (ClientID, Type, RegistrationDate) VALUES (25, 'Фізична особа', '2024-06-17');
INSERT INTO Client (ClientID, Type, RegistrationDate) VALUES (26, 'Фізична особа', '2024-06-30');
INSERT INTO Client (ClientID, Type, RegistrationDate) VALUES (27, 'Фізична особа', '2024-07-12');
INSERT INTO Client (ClientID, Type, RegistrationDate) VALUES (28, 'Фізична особа', '2024-07-25');
INSERT INTO Client (ClientID, Type, RegistrationDate) VALUES (29, 'Фізична особа', '2024-08-05');
INSERT INTO Client (ClientID, Type, RegistrationDate) VALUES (30, 'Фізична особа', '2024-08-18');
INSERT INTO Client (ClientID, Type, RegistrationDate) VALUES (31, 'Фізична особа', '2024-08-30');
INSERT INTO Client (ClientID, Type, RegistrationDate) VALUES (32, 'Фізична особа', '2024-09-10');
INSERT INTO Client (ClientID, Type, RegistrationDate) VALUES (33, 'Фізична особа', '2024-09-22');
INSERT INTO Client (ClientID, Type, RegistrationDate) VALUES (34, 'Фізична особа', '2024-10-05');
INSERT INTO Client (ClientID, Type, RegistrationDate) VALUES (35, 'Фізична особа', '2024-10-18');
INSERT INTO Client (ClientID, Type, RegistrationDate) VALUES (36, 'Фізична особа', '2024-10-30');
INSERT INTO Client (ClientID, Type, RegistrationDate) VALUES (37, 'Фізична особа', '2024-11-10');
INSERT INTO Client (ClientID, Type, RegistrationDate) VALUES (38, 'Фізична особа', '2024-11-22');
INSERT INTO Client (ClientID, Type, RegistrationDate) VALUES (39, 'Фізична особа', '2024-12-01');
INSERT INTO Client (ClientID, Type, RegistrationDate) VALUES (40, 'Фізична особа', '2024-12-15');
INSERT INTO Client (ClientID, Type, RegistrationDate) VALUES (41, 'Фізична особа', '2024-12-27');
INSERT INTO Client (ClientID, Type, RegistrationDate) VALUES (42, 'Фізична особа', '2025-01-05');
INSERT INTO Client (ClientID, Type, RegistrationDate) VALUES (43, 'Фізична особа', '2025-01-20');
INSERT INTO Client (ClientID, Type, RegistrationDate) VALUES (44, 'Фізична особа', '2025-02-05');
INSERT INTO Client (ClientID, Type, RegistrationDate) VALUES (45, 'Фізична особа', '2025-02-18');
INSERT INTO Client (ClientID, Type, RegistrationDate) VALUES (46, 'Фізична особа', '2025-03-01');
INSERT INTO Client (ClientID, Type, RegistrationDate) VALUES (47, 'Фізична особа', '2025-03-15');
INSERT INTO Client (ClientID, Type, RegistrationDate) VALUES (48, 'Фізична особа', '2025-03-28');
INSERT INTO Client (ClientID, Type, RegistrationDate) VALUES (49, 'Фізична особа', '2025-04-10');
INSERT INTO Client (ClientID, Type, RegistrationDate) VALUES (50, 'Фізична особа', '2025-04-22');
INSERT INTO Client (ClientID, Type, RegistrationDate) VALUES (51, 'Фізична особа', '2025-05-01');
INSERT INTO Client (ClientID, Type, RegistrationDate) VALUES (52, 'Фізична особа', '2025-05-14');
INSERT INTO Client (ClientID, Type, RegistrationDate) VALUES (53, 'Фізична особа', '2025-05-27');
INSERT INTO Client (ClientID, Type, RegistrationDate) VALUES (54, 'Фізична особа', '2025-06-05');
INSERT INTO Client (ClientID, Type, RegistrationDate) VALUES (55, 'Фізична особа', '2025-06-17');
INSERT INTO Client (ClientID, Type, RegistrationDate) VALUES (56, 'Фізична особа', '2025-06-30');
INSERT INTO Client (ClientID, Type, RegistrationDate) VALUES (57, 'Фізична особа', '2025-07-12');
INSERT INTO Client (ClientID, Type, RegistrationDate) VALUES (58, 'Фізична особа', '2025-07-25');
INSERT INTO Client (ClientID, Type, RegistrationDate) VALUES (59, 'Фізична особа', '2025-08-05');
INSERT INTO Client (ClientID, Type, RegistrationDate) VALUES (60, 'Фізична особа', '2025-08-18');
INSERT INTO Client (ClientID, Type, RegistrationDate) VALUES (61, 'Фізична особа', '2025-08-30');
INSERT INTO Client (ClientID, Type, RegistrationDate) VALUES (62, 'Фізична особа', '2025-09-10');
INSERT INTO Client (ClientID, Type, RegistrationDate) VALUES (63, 'Фізична особа', '2025-09-22');
INSERT INTO Client (ClientID, Type, RegistrationDate) VALUES (64, 'Фізична особа', '2025-10-05');
INSERT INTO Client (ClientID, Type, RegistrationDate) VALUES (65, 'Фізична особа', '2025-10-18');
INSERT INTO Client (ClientID, Type, RegistrationDate) VALUES (66, 'Фізична особа', '2025-10-30');
INSERT INTO Client (ClientID, Type, RegistrationDate) VALUES (67, 'Фізична особа', '2025-11-10');
INSERT INTO Client (ClientID, Type, RegistrationDate) VALUES (68, 'Фізична особа', '2025-11-22');
INSERT INTO Client (ClientID, Type, RegistrationDate) VALUES (69, 'Фізична особа', '2025-12-01');
INSERT INTO Client (ClientID, Type, RegistrationDate) VALUES (70, 'Фізична особа', '2025-12-15');
INSERT INTO Client (ClientID, Type, RegistrationDate) VALUES (71, 'Фізична особа', '2025-12-27');
INSERT INTO Client (ClientID, Type, RegistrationDate) VALUES (72, 'Фізична особа', '2024-01-05');
INSERT INTO Client (ClientID, Type, RegistrationDate) VALUES (73, 'Фізична особа', '2021-01-20');
INSERT INTO Client (ClientID, Type, RegistrationDate) VALUES (74, 'Фізична особа', '2019-02-05');
INSERT INTO Client (ClientID, Type, RegistrationDate) VALUES (75, 'Фізична особа', '2018-02-18');
INSERT INTO Client (ClientID, Type, RegistrationDate) VALUES (76, 'Фізична особа', '2016-03-01');
INSERT INTO Client (ClientID, Type, RegistrationDate) VALUES (77, 'Фізична особа', '2017-03-15');
INSERT INTO Client (ClientID, Type, RegistrationDate) VALUES (78, 'Фізична особа', '2019-03-28');
INSERT INTO Client (ClientID, Type, RegistrationDate) VALUES (79, 'Фізична особа', '2020-04-10');
INSERT INTO Client (ClientID, Type, RegistrationDate) VALUES (80, 'Фізична особа', '2021-04-22');
INSERT INTO Client (ClientID, Type, RegistrationDate) VALUES (81, 'Фізична особа', '2022-05-01');
INSERT INTO Client (ClientID, Type, RegistrationDate) VALUES (82, 'Фізична особа', '2023-05-14');
INSERT INTO Client (ClientID, Type, RegistrationDate) VALUES (83, 'Фізична особа', '2024-05-27');
INSERT INTO Client (ClientID, Type, RegistrationDate) VALUES (84, 'Фізична особа', '2026-06-05');
INSERT INTO Client (ClientID, Type, RegistrationDate) VALUES (85, 'Фізична особа', '2026-06-17');
INSERT INTO Client (ClientID, Type, RegistrationDate) VALUES (86, 'Фізична особа', '2026-06-30');
INSERT INTO Client (ClientID, Type, RegistrationDate) VALUES (87, 'Фізична особа', '2026-07-12');
INSERT INTO Client (ClientID, Type, RegistrationDate) VALUES (88, 'Фізична особа', '2026-07-25');
INSERT INTO Client (ClientID, Type, RegistrationDate) VALUES (89, 'Фізична особа', '2026-08-05');
INSERT INTO Client (ClientID, Type, RegistrationDate) VALUES (90, 'Фізична особа', '2026-08-18');
INSERT INTO Client (ClientID, Type, RegistrationDate) VALUES (91, 'Фізична особа', '2026-08-30');
INSERT INTO Client (ClientID, Type, RegistrationDate) VALUES (92, 'Фізична особа', '2026-09-10');
INSERT INTO Client (ClientID, Type, RegistrationDate) VALUES (93, 'Фізична особа', '2026-09-22');
INSERT INTO Client (ClientID, Type, RegistrationDate) VALUES (94, 'Фізична особа', '2026-10-05');
INSERT INTO Client (ClientID, Type, RegistrationDate) VALUES (95, 'Фізична особа', '2026-10-18');
INSERT INTO Client (ClientID, Type, RegistrationDate) VALUES (96, 'Фізична особа', '2026-10-30');
INSERT INTO Client (ClientID, Type, RegistrationDate) VALUES (97, 'Фізична особа', '2026-11-10');
INSERT INTO Client (ClientID, Type, RegistrationDate) VALUES (98, 'Фізична особа', '2026-11-22');
INSERT INTO Client (ClientID, Type, RegistrationDate) VALUES (99, 'Фізична особа', '2026-12-01');
INSERT INTO Client (ClientID, Type, RegistrationDate) VALUES (100, 'Фізична особа', '2026-12-15');
INSERT INTO Client (ClientID, Type, RegistrationDate) VALUES (101, 'Фізична особа', '2023-07-13');
INSERT INTO Client (ClientID, Type, RegistrationDate) VALUES (102, 'Юридична особа', '2023-01-01');
INSERT INTO Client (ClientID, Type, RegistrationDate) VALUES (103, 'Юридична особа', '2023-02-01');
INSERT INTO Client (ClientID, Type, RegistrationDate) VALUES (104, 'Юридична особа', '2023-03-01');
INSERT INTO Client (ClientID, Type, RegistrationDate) VALUES (105, 'Юридична особа', '2023-04-01');
INSERT INTO Client (ClientID, Type, RegistrationDate) VALUES (106, 'Юридична особа', '2023-05-01');
INSERT INTO Client (ClientID, Type, RegistrationDate) VALUES (107, 'Юридична особа', '2023-06-01');
INSERT INTO Client (ClientID, Type, RegistrationDate) VALUES (108, 'Юридична особа', '2023-07-01');
INSERT INTO Client (ClientID, Type, RegistrationDate) VALUES (109, 'Юридична особа', '2023-08-01');
INSERT INTO Client (ClientID, Type, RegistrationDate) VALUES (110, 'Юридична особа', '2023-09-01');
INSERT INTO Client (ClientID, Type, RegistrationDate) VALUES (111, 'Юридична особа', '2023-10-01');
INSERT INTO Client (ClientID, Type, RegistrationDate) VALUES (112, 'Юридична особа', '2023-11-01');
INSERT INTO Client (ClientID, Type, RegistrationDate) VALUES (113, 'Юридична особа', '2023-12-01');
INSERT INTO Client (ClientID, Type, RegistrationDate) VALUES (114, 'Юридична особа', '2024-01-01');
INSERT INTO Client (ClientID, Type, RegistrationDate) VALUES (115, 'Юридична особа', '2024-02-01');
INSERT INTO Client (ClientID, Type, RegistrationDate) VALUES (116, 'Юридична особа', '2024-03-01');
INSERT INTO Client (ClientID, Type, RegistrationDate) VALUES (117, 'Юридична особа', '2024-04-01');
INSERT INTO Client (ClientID, Type, RegistrationDate) VALUES (118, 'Юридична особа', '2024-05-01');
INSERT INTO Client (ClientID, Type, RegistrationDate) VALUES (119, 'Юридична особа', '2024-06-01');
INSERT INTO Client (ClientID, Type, RegistrationDate) VALUES (120, 'Юридична особа', '2024-07-01');
INSERT INTO Client (ClientID, Type, RegistrationDate) VALUES (121, 'Юридична особа', '2024-08-01');
INSERT INTO Client (ClientID, Type, RegistrationDate) VALUES (122, 'Юридична особа', '2023-09-20');
INSERT INTO Client (ClientID, Type, RegistrationDate) VALUES (123, 'Юридична особа', '2024-10-25');
INSERT INTO Client (ClientID, Type, RegistrationDate) VALUES (124, 'Юридична особа', '2025-11-30');
INSERT INTO Client (ClientID, Type, RegistrationDate) VALUES (125, 'Юридична особа', '2022-12-05');
INSERT INTO Client (ClientID, Type, RegistrationDate) VALUES (126, 'Юридична особа', '2021-01-10');
INSERT INTO Client (ClientID, Type, RegistrationDate) VALUES (127, 'Юридична особа', '2023-02-15');
INSERT INTO Client (ClientID, Type, RegistrationDate) VALUES (128, 'Юридична особа', '2024-03-20');
INSERT INTO Client (ClientID, Type, RegistrationDate) VALUES (129, 'Юридична особа', '2022-04-25');
INSERT INTO Client (ClientID, Type, RegistrationDate) VALUES (130, 'Юридична особа', '2022-05-30');
INSERT INTO Client (ClientID, Type, RegistrationDate) VALUES (131, 'Юридична особа', '2021-06-05');
INSERT INTO Client (ClientID, Type, RegistrationDate) VALUES (132, 'Юридична особа', '2023-07-10');
INSERT INTO Client (ClientID, Type, RegistrationDate) VALUES (133, 'Юридична особа', '2024-08-15');
INSERT INTO Client (ClientID, Type, RegistrationDate) VALUES (134, 'Юридична особа', '2021-09-20');
INSERT INTO Client (ClientID, Type, RegistrationDate) VALUES (135, 'Юридична особа', '2022-10-25');
INSERT INTO Client (ClientID, Type, RegistrationDate) VALUES (136, 'Юридична особа', '2021-11-30');
INSERT INTO Client (ClientID, Type, RegistrationDate) VALUES (137, 'Юридична особа', '2023-12-05');
INSERT INTO Client (ClientID, Type, RegistrationDate) VALUES (138, 'Юридична особа', '2024-01-10');
INSERT INTO Client (ClientID, Type, RegistrationDate) VALUES (139, 'Юридична особа', '2025-02-15');
INSERT INTO Client (ClientID, Type, RegistrationDate) VALUES (140, 'Юридична особа', '2022-03-20');
INSERT INTO Client (ClientID, Type, RegistrationDate) VALUES (141, 'Юридична особа', '2021-04-25');
INSERT INTO Client (ClientID, Type, RegistrationDate) VALUES (142, 'Юридична особа', '2023-05-30');
INSERT INTO Client (ClientID, Type, RegistrationDate) VALUES (143, 'Юридична особа', '2024-06-05');
INSERT INTO Client (ClientID, Type, RegistrationDate) VALUES (144, 'Юридична особа', '2020-07-10');
INSERT INTO Client (ClientID, Type, RegistrationDate) VALUES (145, 'Юридична особа', '2022-08-15');
INSERT INTO Client (ClientID, Type, RegistrationDate) VALUES (146, 'Юридична особа', '2021-09-20');
INSERT INTO Client (ClientID, Type, RegistrationDate) VALUES (147, 'Юридична особа', '2023-10-25');
INSERT INTO Client (ClientID, Type, RegistrationDate) VALUES (148, 'Юридична особа', '2024-11-30');
INSERT INTO Client (ClientID, Type, RegistrationDate) VALUES (149, 'Юридична особа', '2020-12-05');
INSERT INTO Client (ClientID, Type, RegistrationDate) VALUES (150, 'Юридична особа', '2022-01-10');
INSERT INTO Client (ClientID, Type, RegistrationDate) VALUES (151, 'Юридична особа', '2022-01-11');
INSERT INTO Client (ClientID, Type, RegistrationDate) VALUES (152, 'Юридична особа', '2022-01-12');
INSERT INTO Client (ClientID, Type, RegistrationDate) VALUES (153, 'Юридична особа', '2022-01-13');
INSERT INTO Client (ClientID, Type, RegistrationDate) VALUES (154, 'Юридична особа', '2022-01-14');
INSERT INTO Client (ClientID, Type, RegistrationDate) VALUES (155, 'Юридична особа', '2022-01-15');
INSERT INTO Client (ClientID, Type, RegistrationDate) VALUES (156, 'Юридична особа', '2022-01-16');
INSERT INTO Client (ClientID, Type, RegistrationDate) VALUES (157, 'Юридична особа', '2022-01-17');
INSERT INTO Client (ClientID, Type, RegistrationDate) VALUES (158, 'Юридична особа', '2022-01-18');
INSERT INTO Client (ClientID, Type, RegistrationDate) VALUES (159, 'Юридична особа', '2022-01-19');
INSERT INTO Client (ClientID, Type, RegistrationDate) VALUES (160, 'Юридична особа', '2022-01-20');
INSERT INTO Client (ClientID, Type, RegistrationDate) VALUES (161, 'Юридична особа', '2022-01-21');
INSERT INTO Client (ClientID, Type, RegistrationDate) VALUES (162, 'Юридична особа', '2022-01-22');
INSERT INTO Client (ClientID, Type, RegistrationDate) VALUES (163, 'Юридична особа', '2022-01-23');
INSERT INTO Client (ClientID, Type, RegistrationDate) VALUES (164, 'Юридична особа', '2022-01-24');
INSERT INTO Client (ClientID, Type, RegistrationDate) VALUES (165, 'Юридична особа', '2022-01-25');
INSERT INTO Client (ClientID, Type, RegistrationDate) VALUES (166, 'Юридична особа', '2022-01-26');
INSERT INTO Client (ClientID, Type, RegistrationDate) VALUES (167, 'Юридична особа', '2022-01-27');
INSERT INTO Client (ClientID, Type, RegistrationDate) VALUES (168, 'Юридична особа', '2022-01-28');
INSERT INTO Client (ClientID, Type, RegistrationDate) VALUES (169, 'Юридична особа', '2022-01-29');
INSERT INTO Client (ClientID, Type, RegistrationDate) VALUES (170, 'Юридична особа', '2022-01-30');
INSERT INTO Client (ClientID, Type, RegistrationDate) VALUES (171, 'Юридична особа', '2022-01-31');
INSERT INTO Client (ClientID, Type, RegistrationDate) VALUES (172, 'Юридична особа', '2022-02-01');
INSERT INTO Client (ClientID, Type, RegistrationDate) VALUES (173, 'Юридична особа', '2022-02-02');
INSERT INTO Client (ClientID, Type, RegistrationDate) VALUES (174, 'Юридична особа', '2022-02-03');
INSERT INTO Client (ClientID, Type, RegistrationDate) VALUES (175, 'Юридична особа', '2022-02-04');
INSERT INTO Client (ClientID, Type, RegistrationDate) VALUES (176, 'Юридична особа', '2022-02-05');
INSERT INTO Client (ClientID, Type, RegistrationDate) VALUES (177, 'Юридична особа', '2022-02-06');
INSERT INTO Client (ClientID, Type, RegistrationDate) VALUES (178, 'Юридична особа', '2022-02-07');
INSERT INTO Client (ClientID, Type, RegistrationDate) VALUES (179, 'Юридична особа', '2022-02-08');
INSERT INTO Client (ClientID, Type, RegistrationDate) VALUES (180, 'Юридична особа', '2022-02-09');
INSERT INTO Client (ClientID, Type, RegistrationDate) VALUES (181, 'Юридична особа', '2022-02-10');
INSERT INTO Client (ClientID, Type, RegistrationDate) VALUES (182, 'Юридична особа', '2022-02-11');
INSERT INTO Client (ClientID, Type, RegistrationDate) VALUES (183, 'Юридична особа', '2022-02-12');
INSERT INTO Client (ClientID, Type, RegistrationDate) VALUES (184, 'Юридична особа', '2022-02-13');
INSERT INTO Client (ClientID, Type, RegistrationDate) VALUES (185, 'Юридична особа', '2022-02-14');
INSERT INTO Client (ClientID, Type, RegistrationDate) VALUES (186, 'Юридична особа', '2022-02-15');
INSERT INTO Client (ClientID, Type, RegistrationDate) VALUES (187, 'Юридична особа', '2022-02-16');
INSERT INTO Client (ClientID, Type, RegistrationDate) VALUES (188, 'Юридична особа', '2022-02-17');
INSERT INTO Client (ClientID, Type, RegistrationDate) VALUES (189, 'Юридична особа', '2022-02-18');
INSERT INTO Client (ClientID, Type, RegistrationDate) VALUES (190, 'Юридична особа', '2022-02-19');
INSERT INTO Client (ClientID, Type, RegistrationDate) VALUES (191, 'Юридична особа', '2022-02-20');
INSERT INTO Client (ClientID, Type, RegistrationDate) VALUES (192, 'Юридична особа', '2022-02-21');
INSERT INTO Client (ClientID, Type, RegistrationDate) VALUES (193, 'Юридична особа', '2022-02-22');
INSERT INTO Client (ClientID, Type, RegistrationDate) VALUES (194, 'Юридична особа', '2022-02-23');
INSERT INTO Client (ClientID, Type, RegistrationDate) VALUES (195, 'Юридична особа', '2022-02-24');
INSERT INTO Client (ClientID, Type, RegistrationDate) VALUES (196, 'Юридична особа', '2022-02-25');
INSERT INTO Client (ClientID, Type, RegistrationDate) VALUES (197, 'Юридична особа', '2022-02-26');
INSERT INTO Client (ClientID, Type, RegistrationDate) VALUES (198, 'Юридична особа', '2022-02-27');
INSERT INTO Client (ClientID, Type, RegistrationDate) VALUES (199, 'Юридична особа', '2022-02-28');
INSERT INTO Client (ClientID, Type, RegistrationDate) VALUES (200, 'Юридична особа', '2022-03-01');
INSERT INTO Client (ClientID, Type, RegistrationDate) VALUES (201, 'Юридична особа', '2022-03-02');

INSERT INTO Individual (ClientID, FullName, Address, PhoneNumber) 
VALUES (1, 'Іваненко Іван Іванович', 'Київ, вул. Хрещатик, 10', 380501234567);
INSERT INTO Individual (ClientID, FullName, Address, PhoneNumber) 
VALUES (3, 'Петренко Олег Васильович', 'Одеса, вул. Дерибасівська, 15', 380671094537);
INSERT INTO Individual (ClientID, FullName, Address, PhoneNumber)
VALUES (4, 'Коваленко Андрій Миколайович', 'Харків, вул. Сумська, 20', 380662223344);
INSERT INTO Individual (ClientID, FullName, Address, PhoneNumber) 
VALUES (5, 'Григоренко Марина Олегівна', 'Дніпро, пр. Дмитра Яворницького, 50', 380501112233);
INSERT INTO Individual (ClientID, FullName, Address, PhoneNumber) 
VALUES (6, 'Ткачук Олег Вікторович', 'Запоріжжя, вул. Незалежності, 8', 380632345678);
INSERT INTO Individual (ClientID, FullName, Address, PhoneNumber) 
VALUES (7, 'Лисенко Ольга Сергіївна', 'Вінниця, вул. Соборна, 30', 380502223344);
INSERT INTO Individual (ClientID, FullName, Address, PhoneNumber) 
VALUES (8, 'Мельник Наталія Володимирівна', 'Полтава, вул. Шевченка, 12', 380931234569);
INSERT INTO Individual (ClientID, FullName, Address, PhoneNumber) 
VALUES (9, 'Романюк Дмитро Іванович', 'Чернігів, вул. Миру, 25', 380673456789);
INSERT INTO Individual (ClientID, FullName, Address, PhoneNumber) 
VALUES (10, 'Федорчук Анна Василівна', 'Черкаси, бул. Шевченка, 70', 380931112244);
INSERT INTO Individual (ClientID, FullName, Address, PhoneNumber) 
VALUES (11, 'Кравченко Віктор Михайлович', 'Житомир, вул. Перемоги, 5', 380671223344);
INSERT INTO Individual (ClientID, FullName, Address, PhoneNumber) 
VALUES (12, 'Онищенко Дарина Сергіївна', 'Суми, вул. Харківська, 17', 380931112255);
INSERT INTO Individual (ClientID, FullName, Address, PhoneNumber) 
VALUES (13, 'Бондаренко Артем Павлович', 'Кропивницький, вул. Велика Перспективна, 30', 380502334455);
INSERT INTO Individual (ClientID, FullName, Address, PhoneNumber) 
VALUES (14, 'Шевченко Юлія Анатоліївна', 'Миколаїв, пр. Центральний, 90', 380661122334);
INSERT INTO Individual (ClientID, FullName, Address, PhoneNumber) 
VALUES (15, 'Дмитренко Іван Степанович', 'Ужгород, вул. Корзо, 22', 380993334455);
INSERT INTO Individual (ClientID, FullName, Address, PhoneNumber) 
VALUES (16, 'Семенюк Вадим Олександрович', 'Луцьк, вул. Лесі Українки, 15', 380992223344);
INSERT INTO Individual (ClientID, FullName, Address, PhoneNumber) 
VALUES (17, 'Зінченко Оксана Петрівна', 'Тернопіль, вул. Руська, 8', 380972334455);
INSERT INTO Individual (ClientID, FullName, Address, PhoneNumber) 
VALUES (18, 'Мазур Олег Григорович', 'Чернівці, вул. Головна, 40', 380993456789);
INSERT INTO Individual (ClientID, FullName, Address, PhoneNumber) 
VALUES (19, 'Рябченко Світлана Ігорівна', 'Івано-Франківськ, вул. Незалежності, 100', 380993445566);
INSERT INTO Individual (ClientID, FullName, Address, PhoneNumber) 
VALUES (20, 'Тимошенко Катерина Василівна', 'Херсон, вул. Потьомкінська, 12', 380973556677);
INSERT INTO Individual (ClientID, FullName, Address, PhoneNumber) 
VALUES (21, 'Корнієнко Андрій Євгенович', 'Кременчук, вул. Перемоги, 45', 380974445566);
INSERT INTO Individual (ClientID, FullName, Address, PhoneNumber) 
VALUES (22, 'Мельничук Дмитро Володимирович', 'Біла Церква, вул. Ярослава Мудрого, 33', 380964334455);
INSERT INTO Individual (ClientID, FullName, Address, PhoneNumber) 
VALUES (23, 'Павленко Ольга Дмитрівна', 'Бровари, вул. Гагаріна, 27', 380954223344);
INSERT INTO Individual (ClientID, FullName, Address, PhoneNumber) 
VALUES (24, 'Гаврилюк Олексій Сергійович', 'Мукачево, вул. Ілони Зріні, 55', 380944112233);
INSERT INTO Individual (ClientID, FullName, Address, PhoneNumber) 
VALUES (25, 'Даниленко Марія Вікторівна', 'Кам’янець-Подільський, вул. Соборна, 99', 380934556677);
INSERT INTO Individual (ClientID, FullName, Address, PhoneNumber) 
VALUES (26, 'Коломієць Володимир Олексійович', 'Олександрія, вул. Декабристів, 5', 380924667788);
INSERT INTO Individual (ClientID, FullName, Address, PhoneNumber) 
VALUES (27, 'Захаренко Наталія Петрівна', 'Бердянськ, вул. Приморська, 3', 380914556677);
INSERT INTO Individual (ClientID, FullName, Address, PhoneNumber) 
VALUES (28, 'Мироненко Єгор Олегович', 'Ковель, вул. Брестська, 7', 380904445566);
INSERT INTO Individual (ClientID, FullName, Address, PhoneNumber) 
VALUES (29, 'Савченко Максим Артемович', 'Червоноград, вул. Січових Стрільців, 88', 380894334455);
INSERT INTO Individual (ClientID, FullName, Address, PhoneNumber) 
VALUES (30, 'Бойко Анастасія Олександрівна', 'Шостка, вул. Свободи, 21', 380884223344);
INSERT INTO Individual (ClientID, FullName, Address, PhoneNumber) 
VALUES (31, 'Коваль Андрій Сергійович', 'Полтава, вул. Європейська, 10', 380501234578);
INSERT INTO Individual (ClientID, FullName, Address, PhoneNumber) 
VALUES (32, 'Романенко Ольга Василівна', 'Вінниця, вул. Київська, 45', 380672223344);
INSERT INTO Individual (ClientID, FullName, Address, PhoneNumber) 
VALUES (33, 'Литвин Віталій Ігорович', 'Рівне, вул. Соборна, 12', 380931556677);
INSERT INTO Individual (ClientID, FullName, Address, PhoneNumber) 
VALUES (34, 'Гриценко Світлана Дмитрівна', 'Чернігів, вул. Шевченка, 78', 380662334455);
INSERT INTO Individual (ClientID, FullName, Address, PhoneNumber) 
VALUES (35, 'Мороз Артем Олександрович', 'Кривий Ріг, вул. Металургів, 35', 380992556677);
INSERT INTO Individual (ClientID, FullName, Address, PhoneNumber) 
VALUES (36, 'Сидоренко Катерина Павлівна', 'Мелітополь, вул. Гетьманська, 25', 380973334455);
INSERT INTO Individual (ClientID, FullName, Address, PhoneNumber) 
VALUES (37, 'Ткаченко Вадим Васильович', 'Сєвєродонецьк, пр. Центральний, 55', 380993112244);
INSERT INTO Individual (ClientID, FullName, Address, PhoneNumber) 
VALUES (38, 'Петренко Юлія Володимирівна', 'Краматорськ, вул. Паркова, 9', 380973556688);
INSERT INTO Individual (ClientID, FullName, Address, PhoneNumber) 
VALUES (39, 'Бондаренко Володимир Петрович', 'Буча, вул. Лісова, 33', 380992223311);
INSERT INTO Individual (ClientID, FullName, Address, PhoneNumber) 
VALUES (40, 'Козак Марина Іванівна', 'Фастів, вул. Героїв Небесної Сотні, 19', 380991556677);
INSERT INTO Individual (ClientID, FullName, Address, PhoneNumber) 
VALUES (41, 'Олійник Андрій Григорович', 'Бориспіль, вул. Київський Шлях, 66', 380982334455);
INSERT INTO Individual (ClientID, FullName, Address, PhoneNumber) 
VALUES (42, 'Кириленко Наталія Олегівна', 'Конотоп, вул. Батуринська, 10', 380971112233);
INSERT INTO Individual (ClientID, FullName, Address, PhoneNumber) 
VALUES (43, 'Мельник Максим Сергійович', 'Канів, вул. Дніпровська, 48', 380963556677);
INSERT INTO Individual (ClientID, FullName, Address, PhoneNumber) 
VALUES (44, 'Демченко Вікторія Іванівна', 'Прилуки, вул. Вокзальна, 22', 380992223344);
INSERT INTO Individual (ClientID, FullName, Address, PhoneNumber) 
VALUES (45, 'Яковенко Денис Володимирович', 'Шепетівка, вул. Героїв Майдану, 15', 380973334455);
INSERT INTO Individual (ClientID, FullName, Address, PhoneNumber) 
VALUES (46, 'Поліщук Ірина Анатоліївна', 'Коростень, вул. Франка, 8', 380972556677);
INSERT INTO Individual (ClientID, FullName, Address, PhoneNumber) 
VALUES (47, 'Степаненко Артем Вікторович', 'Новоград-Волинський, вул. Соборності, 40', 380994334455);
INSERT INTO Individual (ClientID, FullName, Address, PhoneNumber) 
VALUES (48, 'Мазуренко Олег Євгенович', 'Дубно, вул. Замкова, 100', 380993445566);
INSERT INTO Individual (ClientID, FullName, Address, PhoneNumber) 
VALUES (49, 'Захарченко Світлана Петрівна', 'Золотоноша, вул. Шевченка, 12', 380983556677);
INSERT INTO Individual (ClientID, FullName, Address, PhoneNumber) 
VALUES (50, 'Лисенко Олександр Дмитрович', 'Сміла, вул. Незалежності, 45', 380974445566);
INSERT INTO Individual (ClientID, FullName, Address, PhoneNumber) 
VALUES (51, 'Кузьменко Ольга Вікторівна', 'Калуш, вул. Стуса, 33', 380964334455);
INSERT INTO Individual (ClientID, FullName, Address, PhoneNumber) 
VALUES (52, 'Тищенко Віталій Петрович', 'Бережани, вул. Грушевського, 27', 380954223344);
INSERT INTO Individual (ClientID, FullName, Address, PhoneNumber) 
VALUES (53, 'Дорошенко Наталія Ігорівна', 'Коломия, вул. Мазепи, 55', 380944112233);
INSERT INTO Individual (ClientID, FullName, Address, PhoneNumber) 
VALUES (54, 'Семенюк Андрій Олексійович', 'Бахмут, вул. Леніна, 99', 380934556677);
INSERT INTO Individual (ClientID, FullName, Address, PhoneNumber) 
VALUES (55, 'Гаврилюк Тетяна Володимирівна', 'Костянтинівка, вул. Центральна, 5', 380924667788);
INSERT INTO Individual (ClientID, FullName, Address, PhoneNumber) 
VALUES (56, 'Данилюк Володимир Іванович', 'Покровськ, вул. Першотравнева, 3', 380914556677);
INSERT INTO Individual (ClientID, FullName, Address, PhoneNumber) 
VALUES (57, 'Миронюк Марія Сергіївна', 'Ізмаїл, вул. Дунайська, 7', 380904445566);
INSERT INTO Individual (ClientID, FullName, Address, PhoneNumber) 
VALUES (58, 'Бойко Євгенія Артемівна', 'Чортків, вул. Богдана Хмельницького, 88', 380894334455);
INSERT INTO Individual (ClientID, FullName, Address, PhoneNumber) 
VALUES (59, 'Савченко Олексій Володимирович', 'Ладижин, вул. Промислова, 21', 380884223344);
INSERT INTO Individual (ClientID, FullName, Address, PhoneNumber) 
VALUES (60, 'Петренко Оксана Василівна', 'Трускавець, вул. Дрогобицька, 10', 380873112233);
INSERT INTO Individual (ClientID, FullName, Address, PhoneNumber) 
VALUES (61, 'Терещенко Максим Олегович', 'Умань, вул. Шевченка, 5', 380872334455);
INSERT INTO Individual (ClientID, FullName, Address, PhoneNumber) 
VALUES (62, 'Ковальчук Дмитро Анатолійович', 'Вознесенськ, вул. Київська, 14', 380862223344);
INSERT INTO Individual (ClientID, FullName, Address, PhoneNumber) 
VALUES (63, 'Рибалко Олена Сергіївна', 'Первомайськ, вул. Центральна, 8', 380852556677);
INSERT INTO Individual (ClientID, FullName, Address, PhoneNumber) 
VALUES (64, 'Зінченко Володимир Павлович', 'Славутич, вул. Дружби, 10', 380841112233);
INSERT INTO Individual (ClientID, FullName, Address, PhoneNumber) 
VALUES (65, 'Павленко Артем Юрійович', 'Жовті Води, вул. Садова, 19', 380831556677);
INSERT INTO Individual (ClientID, FullName, Address, PhoneNumber) 
VALUES (66, 'Корнієнко Світлана Олександрівна', 'Лозова, вул. Вокзальна, 23', 380821334455);
INSERT INTO Individual (ClientID, FullName, Address, PhoneNumber) 
VALUES (67, 'Федоренко Марина Олегівна', 'Чугуїв, вул. Харківська, 6', 380811556677);
INSERT INTO Individual (ClientID, FullName, Address, PhoneNumber) 
VALUES (68, 'Шевченко Григорій Іванович', 'Васильків, вул. Незалежності, 11', 380801223344);
INSERT INTO Individual (ClientID, FullName, Address, PhoneNumber) 
VALUES (69, 'Опанасенко Катерина Василівна', 'Каховка, вул. Перемоги, 45', 380791112233);
INSERT INTO Individual (ClientID, FullName, Address, PhoneNumber) 
VALUES (70, 'Гончарук Віктор Сергійович', 'Нікополь, вул. Енергетиків, 7', 380781334455);
INSERT INTO Individual (ClientID, FullName, Address, PhoneNumber) 
VALUES (71, 'Дудник Олексій Миколайович', 'Шостка, вул. Паркова, 16', 380771556677);
INSERT INTO Individual (ClientID, FullName, Address, PhoneNumber) 
VALUES (72, 'Савицька Тетяна Ігорівна', 'Ірпінь, вул. Лісова, 9', 380761112233);
INSERT INTO Individual (ClientID, FullName, Address, PhoneNumber) 
VALUES (73, 'Гаврилюк Андрій Павлович', 'Феодосія, вул. Героїв, 27', 380751334455);
INSERT INTO Individual (ClientID, FullName, Address, PhoneNumber) 
VALUES (74, 'Семенова Дарина Володимирівна', 'Южне, вул. Море, 13', 380741223344);
INSERT INTO Individual (ClientID, FullName, Address, PhoneNumber) 
VALUES (75, 'Коваленко Василь Григорович', 'Мирноград, вул. Центральна, 21', 380731556677);
INSERT INTO Individual (ClientID, FullName, Address, PhoneNumber) 
VALUES (76, 'Тимошенко Оксана Петрівна', 'Дружківка, вул. Весела, 30', 380721334455);
INSERT INTO Individual (ClientID, FullName, Address, PhoneNumber) 
VALUES (77, 'Мартиненко Іван Олександрович', 'Снігурівка, вул. Молодіжна, 5', 380711223344);
INSERT INTO Individual (ClientID, FullName, Address, PhoneNumber) 
VALUES (78, 'Юрченко Світлана Віталіївна', 'Мостиська, вул. Головна, 12', 380701556677);
INSERT INTO Individual (ClientID, FullName, Address, PhoneNumber) 
VALUES (79, 'Шаповал Олег Володимирович', 'Кілія, вул. Дунайська, 10', 380691112233);
INSERT INTO Individual (ClientID, FullName, Address, PhoneNumber) 
VALUES (80, 'Лисенко Марина Сергіївна', 'Знам’янка, вул. Черкаська, 28', 380681334455);
INSERT INTO Individual (ClientID, FullName, Address, PhoneNumber) 
VALUES (81, 'Романюк Ігор Вікторович', 'Рахів, вул. Гірська, 9', 380671556677);
INSERT INTO Individual (ClientID, FullName, Address, PhoneNumber) 
VALUES (82, 'Зубко Олена Михайлівна', 'Бердичів, вул. Свободи, 11', 380661223344);
INSERT INTO Individual (ClientID, FullName, Address, PhoneNumber) 
VALUES (83, 'Гордієнко Артем Дмитрович', 'Свалява, вул. Карпатська, 7', 380651112233);
INSERT INTO Individual (ClientID, FullName, Address, PhoneNumber) 
VALUES (84, 'Гриценко Віталій Олександрович', 'Глухів, вул. Незалежності, 22', 380641334455);
INSERT INTO Individual (ClientID, FullName, Address, PhoneNumber) 
VALUES (85, 'Білоус Ірина Олегівна', 'Пустомити, вул. Лесі Українки, 5', 380631223344);
INSERT INTO Individual (ClientID, FullName, Address, PhoneNumber) 
VALUES (86, 'Коваль Олександр Юрійович', 'Борщів, вул. Замкова, 16', 380621556677);
INSERT INTO Individual (ClientID, FullName, Address, PhoneNumber) 
VALUES (87, 'Лавренюк Дмитро Васильович', 'Сколе, вул. Франка, 4', 380611112233);
INSERT INTO Individual (ClientID, FullName, Address, PhoneNumber) 
VALUES (88, 'Петрук Наталія Андріївна', 'Тячів, вул. Дружби, 19', 380601334455);
INSERT INTO Individual (ClientID, FullName, Address, PhoneNumber) 
VALUES (89, 'Щербак Олексій Сергійович', 'Косів, вул. Верховинська, 10', 380591556677);
INSERT INTO Individual (ClientID, FullName, Address, PhoneNumber) 
VALUES (90, 'Руденко Василь Григорович', 'Бучач, вул. Дністровська, 11', 380581223344);
INSERT INTO Individual (ClientID, FullName, Address, PhoneNumber) 
VALUES (91, 'Савчук Володимир Іванович', 'Гадяч, вул. Полтавська, 14', 380571112233);
INSERT INTO Individual (ClientID, FullName, Address, PhoneNumber) 
VALUES (92, 'Тарасенко Артем Павлович', 'Снятин, вул. Грушевського, 15', 380561334455);
INSERT INTO Individual (ClientID, FullName, Address, PhoneNumber) 
VALUES (93, 'Пономаренко Світлана Віталіївна', 'Рені, вул. Одеська, 12', 380551223344);
INSERT INTO Individual (ClientID, FullName, Address, PhoneNumber) 
VALUES (94, 'Дорошенко Ольга Володимирівна', 'Вилкове, вул. Лісова, 7', 380541556677);
INSERT INTO Individual (ClientID, FullName, Address, PhoneNumber) 
VALUES (95, 'Курило Оксана Сергіївна', 'Кам’янець-Подільський, вул. Франка, 20', 380531112233);
INSERT INTO Individual (ClientID, FullName, Address, PhoneNumber) 
VALUES (96, 'Бондаренко Сергій Олександрович', 'Кривий Ріг, вул. Металургів, 18', 380521334455);
INSERT INTO Individual (ClientID, FullName, Address, PhoneNumber) 
VALUES (97, 'Мельник Анна Віталіївна', 'Мукачево, вул. Замкова, 22', 380511556677);
INSERT INTO Individual (ClientID, FullName, Address, PhoneNumber) 
VALUES (98, 'Данилюк Віктор Ігорович', 'Біла Церква, вул. Шевченка, 8', 380501223344);
INSERT INTO Individual (ClientID, FullName, Address, PhoneNumber) 
VALUES (99, 'Кравчук Ірина Сергіївна', 'Тернопіль, вул. Руська, 15', 380491112233);
INSERT INTO Individual (ClientID, FullName, Address, PhoneNumber) 
VALUES (100, 'Олійник Павло Григорович', 'Житомир, вул. Перемоги, 30', 380481334455);
INSERT INTO Individual (ClientID, FullName, Address, PhoneNumber) 
VALUES (101, 'Сидоренко Андрій Миколайович', 'Черкаси, вул. Дніпровська, 12', 380471556677);

INSERT INTO LegalEntity (ClientID, CompanyName, PhoneNumber, Address, TaxID) 
VALUES (2, 'ТОВ "МобілТех"', 380444567890, 'Львів, вул. Замкова, 12', 1234567890);
INSERT INTO LegalEntity (ClientID, CompanyName, PhoneNumber, Address, TaxID) 
VALUES (102, 'ТОВ "ТехноТрейд"', 380444567102, 'Київ, вул. Хрещатик, 10', 1234567102);
INSERT INTO LegalEntity (ClientID, CompanyName, PhoneNumber, Address, TaxID) 
VALUES (103, 'ТОВ "ГаджетПоставка"', 380444567103, 'Львів, вул. Галицька, 22', 1234567103);
INSERT INTO LegalEntity (ClientID, CompanyName, PhoneNumber, Address, TaxID) 
VALUES (104, 'ТОВ "Корпорація СмартТех"', 380444567104, 'Одеса, вул. Дерибасівська, 15', 1234567104);
INSERT INTO LegalEntity (ClientID, CompanyName, PhoneNumber, Address, TaxID) 
VALUES (105, 'ТОВ "БізнесМобайл"', 380444567105, 'Дніпро, просп. Гагаріна, 5', 1234567105);
INSERT INTO LegalEntity (ClientID, CompanyName, PhoneNumber, Address, TaxID) 
VALUES (106, 'ТОВ "Цифрові Рішення"', 380444567106, 'Харків, вул. Сумська, 7', 1234567106);
INSERT INTO LegalEntity (ClientID, CompanyName, PhoneNumber, Address, TaxID) 
VALUES (107, 'ТОВ "СмартЛогістика"', 380444567107, 'Запоріжжя, вул. Центральна, 18', 1234567107);
INSERT INTO LegalEntity (ClientID, CompanyName, PhoneNumber, Address, TaxID) 
VALUES (108, 'ТОВ "ГлобалМобайл"', 380444567108, 'Київ, вул. Володимирська, 31', 1234567108);
INSERT INTO LegalEntity (ClientID, CompanyName, PhoneNumber, Address, TaxID) 
VALUES (109, 'ТОВ "ОптМобайл"', 380444567109, 'Львів, просп. Свободи, 1', 1234567109);
INSERT INTO LegalEntity (ClientID, CompanyName, PhoneNumber, Address, TaxID) 
VALUES (110, 'ТОВ "ФонГруп"', 380444567110, 'Одеса, вул. Аркадія, 4', 1234567110);
INSERT INTO LegalEntity (ClientID, CompanyName, PhoneNumber, Address, TaxID) 
VALUES (111, 'ТОВ "БізнесЗв’язок"', 380444567111, 'Дніпро, вул. Короленка, 12', 1234567111);
INSERT INTO LegalEntity (ClientID, CompanyName, PhoneNumber, Address, TaxID) 
VALUES (112, 'ТОВ "ГаджетОпт"', 380444567112, 'Харків, просп. Науки, 27', 1234567112);
INSERT INTO LegalEntity (ClientID, CompanyName, PhoneNumber, Address, TaxID) 
VALUES (113, 'ТОВ "МобайлКорп"', 380444567113, 'Запоріжжя, вул. Соборна, 9', 1234567113);
INSERT INTO LegalEntity (ClientID, CompanyName, PhoneNumber, Address, TaxID) 
VALUES (114, 'ТОВ "ТопМобайлПоставка"', 380444567114, 'Київ, вул. Антоновича, 44', 1234567114);
INSERT INTO LegalEntity (ClientID, CompanyName, PhoneNumber, Address, TaxID) 
VALUES (115, 'ТОВ "СмартОпт"', 380444567115, 'Львів, вул. Личаківська, 37', 1234567115);
INSERT INTO LegalEntity (ClientID, CompanyName, PhoneNumber, Address, TaxID) 
VALUES (116, 'ТОВ "МобілКом"', 380444567116, 'Одеса, вул. Французький бульвар, 21', 1234567116);
INSERT INTO LegalEntity (ClientID, CompanyName, PhoneNumber, Address, TaxID) 
VALUES (117, 'ТОВ "ТехноЛідер"', 380444567117, 'Дніпро, вул. Барикадна, 3', 1234567117);
INSERT INTO LegalEntity (ClientID, CompanyName, PhoneNumber, Address, TaxID) 
VALUES (118, 'ТОВ "ФонСервіс"', 380444567118, 'Харків, вул. Полтавський Шлях, 56', 1234567118);
INSERT INTO LegalEntity (ClientID, CompanyName, PhoneNumber, Address, TaxID) 
VALUES (119, 'ТОВ "ТелефонТрейд"', 380444567119, 'Запоріжжя, вул. Незалежності, 14', 1234567119);
INSERT INTO LegalEntity (ClientID, CompanyName, PhoneNumber, Address, TaxID) 
VALUES (120, 'ТОВ "БізнесГаджет"', 380444567120, 'Київ, вул. Бандери, 19', 1234567120);
INSERT INTO LegalEntity (ClientID, CompanyName, PhoneNumber, Address, TaxID) 
VALUES (121, 'ТОВ "МобіСтор"', 380444567121, 'Львів, вул. Зелена, 45', 1234567121);
INSERT INTO LegalEntity (ClientID, CompanyName, PhoneNumber, Address, TaxID) 
VALUES (122, 'ТОВ "СмартГруп"', 380444567122, 'Київ, просп. Перемоги, 20', 1234567122);
INSERT INTO LegalEntity (ClientID, CompanyName, PhoneNumber, Address, TaxID) 
VALUES (123, 'ТОВ "ГаджетЛенд"', 380444567123, 'Одеса, вул. Канатна, 10', 1234567123);
INSERT INTO LegalEntity (ClientID, CompanyName, PhoneNumber, Address, TaxID) 
VALUES (124, 'ТОВ "МобайлСолюшн"', 380444567124, 'Дніпро, вул. Паторжинського, 6', 1234567124);
INSERT INTO LegalEntity (ClientID, CompanyName, PhoneNumber, Address, TaxID) 
VALUES (125, 'ТОВ "БізнесТелеком"', 380444567125, 'Харків, вул. Академіка Павлова, 16', 1234567125);
INSERT INTO LegalEntity (ClientID, CompanyName, PhoneNumber, Address, TaxID) 
VALUES (126, 'ТОВ "ЦифраТрейд"', 380444567126, 'Запоріжжя, вул. Перемоги, 23', 1234567126);
INSERT INTO LegalEntity (ClientID, CompanyName, PhoneNumber, Address, TaxID) 
VALUES (127, 'ТОВ "Мобільні Рішення"', 380444567127, 'Львів, просп. Чорновола, 12', 1234567127);
INSERT INTO LegalEntity (ClientID, CompanyName, PhoneNumber, Address, TaxID) 
VALUES (128, 'ТОВ "ГаджетОптСервіс"', 380444567128, 'Київ, вул. Лаврська, 5', 1234567128);
INSERT INTO LegalEntity (ClientID, CompanyName, PhoneNumber, Address, TaxID) 
VALUES (129, 'ТОВ "СмартЗбут"', 380444567129, 'Одеса, просп. Шевченка, 31', 1234567129);
INSERT INTO LegalEntity (ClientID, CompanyName, PhoneNumber, Address, TaxID) 
VALUES (130, 'ТОВ "ТелефонЛідер"', 380444567130, 'Дніпро, вул. Калинова, 8', 1234567130);
INSERT INTO LegalEntity (ClientID, CompanyName, PhoneNumber, Address, TaxID) 
VALUES (131, 'ТОВ "ГлобалТелеком"', 380444567131, 'Харків, вул. Пушкінська, 14', 1234567131);
INSERT INTO LegalEntity (ClientID, CompanyName, PhoneNumber, Address, TaxID) 
VALUES (132, 'ТОВ "СмартКом"', 380444567132, 'Запоріжжя, вул. Горького, 21', 1234567132);
INSERT INTO LegalEntity (ClientID, CompanyName, PhoneNumber, Address, TaxID) 
VALUES (133, 'ТОВ "ТехноСвіт"', 380444567133, 'Львів, вул. Городоцька, 55', 1234567133);
INSERT INTO LegalEntity (ClientID, CompanyName, PhoneNumber, Address, TaxID) 
VALUES (134, 'ТОВ "СмартДевайс"', 380444567134, 'Київ, просп. Лобановського, 17', 1234567134);
INSERT INTO LegalEntity (ClientID, CompanyName, PhoneNumber, Address, TaxID) 
VALUES (135, 'ТОВ "ГаджетШоп"', 380444567135, 'Одеса, вул. Жуковського, 6', 1234567135);
INSERT INTO LegalEntity (ClientID, CompanyName, PhoneNumber, Address, TaxID) 
VALUES (136, 'ТОВ "Цифровий Світ"', 380444567136, 'Дніпро, вул. Робоча, 33', 1234567136);
INSERT INTO LegalEntity (ClientID, CompanyName, PhoneNumber, Address, TaxID) 
VALUES (137, 'ТОВ "ТопГаджет"', 380444567137, 'Харків, вул. Дарвіна, 28', 1234567137);
INSERT INTO LegalEntity (ClientID, CompanyName, PhoneNumber, Address, TaxID) 
VALUES (138, 'ТОВ "БізнесМобіл"', 380444567138, 'Запоріжжя, вул. Лермонтова, 15', 1234567138);
INSERT INTO LegalEntity (ClientID, CompanyName, PhoneNumber, Address, TaxID) 
VALUES (139, 'ТОВ "ТелекомПоставка"', 380444567139, 'Львів, вул. Богдана Хмельницького, 29', 1234567139);
INSERT INTO LegalEntity (ClientID, CompanyName, PhoneNumber, Address, TaxID) 
VALUES (140, 'ТОВ "МобайлДистриб"', 380444567140, 'Київ, вул. Саксаганського, 40', 1234567140);
INSERT INTO LegalEntity (ClientID, CompanyName, PhoneNumber, Address, TaxID) 
VALUES (141, 'ТОВ "ЦифроГаджет"', 380444567141, 'Одеса, вул. Катерининська, 13', 1234567141);
INSERT INTO LegalEntity (ClientID, CompanyName, PhoneNumber, Address, TaxID) 
VALUES (142, 'ТОВ "ТехноГруп"', 380444567142, 'Дніпро, вул. Воскресенська, 9', 1234567142);
INSERT INTO LegalEntity (ClientID, CompanyName, PhoneNumber, Address, TaxID) 
VALUES (143, 'ТОВ "ГаджетМобайл"', 380444567143, 'Харків, вул. Сумгаїтська, 19', 1234567143);
INSERT INTO LegalEntity (ClientID, CompanyName, PhoneNumber, Address, TaxID) 
VALUES (144, 'ТОВ "СмартПлюс"', 380444567144, 'Запоріжжя, вул. Чкалова, 12', 1234567144);
INSERT INTO LegalEntity (ClientID, CompanyName, PhoneNumber, Address, TaxID) 
VALUES (145, 'ТОВ "ФонДевайс"', 380444567145, 'Львів, вул. Лесі Українки, 7', 1234567145);
INSERT INTO LegalEntity (ClientID, CompanyName, PhoneNumber, Address, TaxID) 
VALUES (146, 'ТОВ "ТопМобілТрейд"', 380444567146, 'Київ, вул. Шота Руставелі, 11', 1234567146);
INSERT INTO LegalEntity (ClientID, CompanyName, PhoneNumber, Address, TaxID) 
VALUES (147, 'ТОВ "СмартОптГруп"', 380444567147, 'Одеса, вул. Мала Арнаутська, 8', 1234567147);
INSERT INTO LegalEntity (ClientID, CompanyName, PhoneNumber, Address, TaxID) 
VALUES (148, 'ТОВ "ТелекомЛідер"', 380444567148, 'Дніпро, вул. Яворницького, 14', 1234567148);
INSERT INTO LegalEntity (ClientID, CompanyName, PhoneNumber, Address, TaxID) 
VALUES (149, 'ТОВ "БізнесДевайс"', 380444567149, 'Харків, вул. Героїв Праці, 22', 1234567149);
INSERT INTO LegalEntity (ClientID, CompanyName, PhoneNumber, Address, TaxID) 
VALUES (150, 'ТОВ "ТехноТелефон"', 380444567150, 'Запоріжжя, просп. Соборний, 35', 1234567150);
INSERT INTO LegalEntity (ClientID, CompanyName, PhoneNumber, Address, TaxID) 
VALUES (151, 'ТОВ "МобіЛайн"', 380444567151, 'Київ, вул. Велика Васильківська, 15', 1234567151);
INSERT INTO LegalEntity (ClientID, CompanyName, PhoneNumber, Address, TaxID) 
VALUES (152, 'ТОВ "СмартТехніка"', 380444567152, 'Львів, вул. Франка, 27', 1234567152);
INSERT INTO LegalEntity (ClientID, CompanyName, PhoneNumber, Address, TaxID) 
VALUES (153, 'ТОВ "ГаджетМаркет"', 380444567153, 'Одеса, вул. Преображенська, 18', 1234567153);
INSERT INTO LegalEntity (ClientID, CompanyName, PhoneNumber, Address, TaxID) 
VALUES (154, 'ТОВ "ТелефонПлюс"', 380444567154, 'Дніпро, вул. Троїцька, 4', 1234567154);
INSERT INTO LegalEntity (ClientID, CompanyName, PhoneNumber, Address, TaxID) 
VALUES (155, 'ТОВ "МобайлОпт"', 380444567155, 'Харків, просп. Гагаріна, 30', 1234567155);
INSERT INTO LegalEntity (ClientID, CompanyName, PhoneNumber, Address, TaxID) 
VALUES (156, 'ТОВ "ГаджетСервіс"', 380444567156, 'Запоріжжя, вул. Леніна, 12', 1234567156);
INSERT INTO LegalEntity (ClientID, CompanyName, PhoneNumber, Address, TaxID) 
VALUES (157, 'ТОВ "СмартМобайл"', 380444567157, 'Київ, вул. Дегтярівська, 5', 1234567157);
INSERT INTO LegalEntity (ClientID, CompanyName, PhoneNumber, Address, TaxID) 
VALUES (158, 'ТОВ "ТехноСвіт"', 380444567158, 'Львів, вул. Личаківська, 40', 1234567158);
INSERT INTO LegalEntity (ClientID, CompanyName, PhoneNumber, Address, TaxID) 
VALUES (159, 'ТОВ "МобіОптТорг"', 380444567159, 'Одеса, вул. Дерибасівська, 8', 1234567159);
INSERT INTO LegalEntity (ClientID, CompanyName, PhoneNumber, Address, TaxID) 
VALUES (160, 'ТОВ "ЦифроТех"', 380444567160, 'Дніпро, просп. Карла Маркса, 21', 1234567160);
INSERT INTO LegalEntity (ClientID, CompanyName, PhoneNumber, Address, TaxID) 
VALUES (161, 'ТОВ "ГаджетРітейл"', 380444567161, 'Харків, вул. Сумська, 37', 1234567161);
INSERT INTO LegalEntity (ClientID, CompanyName, PhoneNumber, Address, TaxID) 
VALUES (162, 'ТОВ "СмартГруп"', 380444567162, 'Запоріжжя, вул. Перемоги, 19', 1234567162);
INSERT INTO LegalEntity (ClientID, CompanyName, PhoneNumber, Address, TaxID) 
VALUES (163, 'ТОВ "ТехноМобайл"', 380444567163, 'Київ, просп. Лесі Українки, 7', 1234567163);
INSERT INTO LegalEntity (ClientID, CompanyName, PhoneNumber, Address, TaxID) 
VALUES (164, 'ТОВ "ЦифроСвіт"', 380444567164, 'Львів, вул. Коперника, 22', 1234567164);
INSERT INTO LegalEntity (ClientID, CompanyName, PhoneNumber, Address, TaxID) 
VALUES (165, 'ТОВ "МобіТорг"', 380444567165, 'Одеса, вул. Єкатеринінська, 14', 1234567165);
INSERT INTO LegalEntity (ClientID, CompanyName, PhoneNumber, Address, TaxID) 
VALUES (166, 'ТОВ "СмартСервіс"', 380444567166, 'Дніпро, вул. Центральна, 31', 1234567166);
INSERT INTO LegalEntity (ClientID, CompanyName, PhoneNumber, Address, TaxID) 
VALUES (167, 'ТОВ "ГаджетТрейд"', 380444567167, 'Харків, вул. Полтавський Шлях, 25', 1234567167);
INSERT INTO LegalEntity (ClientID, CompanyName, PhoneNumber, Address, TaxID) 
VALUES (168, 'ТОВ "ТехноГаджет"', 380444567168, 'Запоріжжя, вул. Гоголя, 11', 1234567168);
INSERT INTO LegalEntity (ClientID, CompanyName, PhoneNumber, Address, TaxID) 
VALUES (169, 'ТОВ "Цифровий Партнер"', 380444567169, 'Київ, вул. Ярославів Вал, 9', 1234567169);
INSERT INTO LegalEntity (ClientID, CompanyName, PhoneNumber, Address, TaxID) 
VALUES (170, 'ТОВ "СмартТелеком"', 380444567170, 'Львів, вул. Стрийська, 16', 1234567170);
INSERT INTO LegalEntity (ClientID, CompanyName, PhoneNumber, Address, TaxID) 
VALUES (171, 'ТОВ "МобіГруп"', 380444567171, 'Одеса, вул. Пантелеймонівська, 6', 1234567171);
INSERT INTO LegalEntity (ClientID, CompanyName, PhoneNumber, Address, TaxID) 
VALUES (172, 'ТОВ "ТелекомЛідер"', 380444567172, 'Дніпро, вул. Братів Трофімових, 7', 1234567172);
INSERT INTO LegalEntity (ClientID, CompanyName, PhoneNumber, Address, TaxID) 
VALUES (173, 'ТОВ "ГаджетКом"', 380444567173, 'Харків, просп. Науки, 34', 1234567173);
INSERT INTO LegalEntity (ClientID, CompanyName, PhoneNumber, Address, TaxID) 
VALUES (174, 'ТОВ "МобіСтар"', 380444567174, 'Запоріжжя, вул. Лобановського, 5', 1234567174);
INSERT INTO LegalEntity (ClientID, CompanyName, PhoneNumber, Address, TaxID) 
VALUES (175, 'ТОВ "ТехноСвіт"', 380444567175, 'Київ, вул. Бориспільська, 21', 1234567175);
INSERT INTO LegalEntity (ClientID, CompanyName, PhoneNumber, Address, TaxID) 
VALUES (176, 'ТОВ "СмартМаркет"', 380444567176, 'Львів, вул. Пекарська, 10', 1234567176);
INSERT INTO LegalEntity (ClientID, CompanyName, PhoneNumber, Address, TaxID) 
VALUES (177, 'ТОВ "ЦифроЛюкс"', 380444567177, 'Одеса, вул. Канатна, 19', 1234567177);
INSERT INTO LegalEntity (ClientID, CompanyName, PhoneNumber, Address, TaxID) 
VALUES (178, 'ТОВ "ГаджетПрайм"', 380444567178, 'Дніпро, вул. Європейська, 3', 1234567178);
INSERT INTO LegalEntity (ClientID, CompanyName, PhoneNumber, Address, TaxID) 
VALUES (179, 'ТОВ "ТелефонДім"', 380444567179, 'Харків, вул. Культури, 12', 1234567179);
INSERT INTO LegalEntity (ClientID, CompanyName, PhoneNumber, Address, TaxID) 
VALUES (180, 'ТОВ "МобіТехПартнер"', 380444567180, 'Запоріжжя, вул. Сєрова, 8', 1234567180);
INSERT INTO LegalEntity (ClientID, CompanyName, PhoneNumber, Address, TaxID) 
VALUES (181, 'ТОВ "СмартСвіт"', 380444567181, 'Київ, вул. Хрещатик, 22', 1234567181);
INSERT INTO LegalEntity (ClientID, CompanyName, PhoneNumber, Address, TaxID) 
VALUES (182, 'ТОВ "ГаджетОпт"', 380444567182, 'Львів, вул. Городоцька, 35', 1234567182);
INSERT INTO LegalEntity (ClientID, CompanyName, PhoneNumber, Address, TaxID) 
VALUES (183, 'ТОВ "МобіЦентр"', 380444567183, 'Одеса, вул. Середньофонтанська, 15', 1234567183);
INSERT INTO LegalEntity (ClientID, CompanyName, PhoneNumber, Address, TaxID) 
VALUES (184, 'ТОВ "ТехноТрейд"', 380444567184, 'Дніпро, вул. Воскресенська, 9', 1234567184);
INSERT INTO LegalEntity (ClientID, CompanyName, PhoneNumber, Address, TaxID) 
VALUES (185, 'ТОВ "СмартЛідер"', 380444567185, 'Харків, вул. Пушкінська, 17', 1234567185);
INSERT INTO LegalEntity (ClientID, CompanyName, PhoneNumber, Address, TaxID) 
VALUES (186, 'ТОВ "ЦифроМобайл"', 380444567186, 'Запоріжжя, просп. Соборний, 45', 1234567186);
INSERT INTO LegalEntity (ClientID, CompanyName, PhoneNumber, Address, TaxID) 
VALUES (187, 'ТОВ "ГаджетСтор"', 380444567187, 'Київ, вул. Велика Житомирська, 5', 1234567187);
INSERT INTO LegalEntity (ClientID, CompanyName, PhoneNumber, Address, TaxID) 
VALUES (188, 'ТОВ "МобілСервіс"', 380444567188, 'Львів, просп. Свободи, 20', 1234567188);
INSERT INTO LegalEntity (ClientID, CompanyName, PhoneNumber, Address, TaxID) 
VALUES (189, 'ТОВ "СмартШоп"', 380444567189, 'Одеса, вул. Фонтанська дорога, 11', 1234567189);
INSERT INTO LegalEntity (ClientID, CompanyName, PhoneNumber, Address, TaxID) 
VALUES (190, 'ТОВ "ГаджетЛюкс"', 380444567190, 'Дніпро, вул. Шевченка, 14', 1234567190);
INSERT INTO LegalEntity (ClientID, CompanyName, PhoneNumber, Address, TaxID) 
VALUES (191, 'ТОВ "ЦифроТрейд"', 380444567191, 'Харків, просп. Ювілейний, 26', 1234567191);
INSERT INTO LegalEntity (ClientID, CompanyName, PhoneNumber, Address, TaxID) 
VALUES (192, 'ТОВ "МобіМаг"', 380444567192, 'Запоріжжя, вул. Незалежності, 18', 1234567192);
INSERT INTO LegalEntity (ClientID, CompanyName, PhoneNumber, Address, TaxID) 
VALUES (193, 'ТОВ "ТехноГруп"', 380444567193, 'Київ, вул. Лаврська, 3', 1234567193);
INSERT INTO LegalEntity (ClientID, CompanyName, PhoneNumber, Address, TaxID) 
VALUES (194, 'ТОВ "ГаджетМаркет Плюс"', 380444567194, 'Львів, вул. Дорошенка, 28', 1234567194);
INSERT INTO LegalEntity (ClientID, CompanyName, PhoneNumber, Address, TaxID) 
VALUES (195, 'ТОВ "СмартКомплект"', 380444567195, 'Одеса, вул. Чорноморська, 7', 1234567195);
INSERT INTO LegalEntity (ClientID, CompanyName, PhoneNumber, Address, TaxID) 
VALUES (196, 'ТОВ "МобіГалактика"', 380444567196, 'Дніпро, вул. Старокозацька, 33', 1234567196);
INSERT INTO LegalEntity (ClientID, CompanyName, PhoneNumber, Address, TaxID) 
VALUES (197, 'ТОВ "ЦифроТехніка"', 380444567197, 'Харків, вул. Богдана Хмельницького, 21', 1234567197);
INSERT INTO LegalEntity (ClientID, CompanyName, PhoneNumber, Address, TaxID) 
VALUES (198, 'ТОВ "ГаджетСтиль"', 380444567198, 'Запоріжжя, вул. Анголенка, 9', 1234567198);
INSERT INTO LegalEntity (ClientID, CompanyName, PhoneNumber, Address, TaxID) 
VALUES (199, 'ТОВ "ТехноСвіт Груп"', 380444567199, 'Київ, вул. Басейна, 12', 1234567199);
INSERT INTO LegalEntity (ClientID, CompanyName, PhoneNumber, Address, TaxID) 
VALUES (200, 'ТОВ "СмартЛенд"', 380444567200, 'Львів, вул. Зелена, 42', 1234567200);
INSERT INTO LegalEntity (ClientID, CompanyName, PhoneNumber, Address, TaxID) 
VALUES (201, 'ТОВ "ГаджетПрофі"', 380444567201, 'Одеса, вул. Рішельєвська, 8', 1234567201);

INSERT INTO Phone (PhoneID, Manufacturer, Model, Specifications, Price, Availability) 
VALUES (1, 'Apple', 'iPhone 14', '128GB, Black', 35000, 'В наявності');
INSERT INTO Phone (PhoneID, Manufacturer, Model, Specifications, Price, Availability) 
VALUES (2, 'Samsung', 'Galaxy S23', '256GB, Silver', 30000, 'В наявності');
INSERT INTO Phone (PhoneID, Manufacturer, Model, Specifications, Price, Availability) 
VALUES (3, 'Xiaomi', 'Redmi Note 12', '64GB, Blue', 15000, 'В наявності');
INSERT INTO Phone (PhoneID, Manufacturer, Model, Specifications, Price, Availability) 
VALUES (4, 'Samsung', 'Galaxy S23', '256GB, Phantom Black', 32000, 'В наявності');
INSERT INTO Phone (PhoneID, Manufacturer, Model, Specifications, Price, Availability) 
VALUES (5, 'Xiaomi', 'Redmi Note 12', '128GB, Blue', 12000, 'В наявності');
INSERT INTO Phone (PhoneID, Manufacturer, Model, Specifications, Price, Availability) 
VALUES (6, 'Apple', 'iPhone 13', '128GB, Starlight', 30000, 'В наявності');
INSERT INTO Phone (PhoneID, Manufacturer, Model, Specifications, Price, Availability) 
VALUES (7, 'OnePlus', '10 Pro', '256GB, Emerald Forest', 28000, 'В наявності');
INSERT INTO Phone (PhoneID, Manufacturer, Model, Specifications, Price, Availability) 
VALUES (8, 'Google', 'Pixel 7', '128GB, Snow', 27000, 'В наявності');
INSERT INTO Phone (PhoneID, Manufacturer, Model, Specifications, Price, Availability) 
VALUES (9, 'Realme', 'GT Neo 3', '256GB, Nitro Blue', 22000, 'В наявності');
INSERT INTO Phone (PhoneID, Manufacturer, Model, Specifications, Price, Availability) 
VALUES (10, 'Samsung', 'Galaxy A54', '128GB, Lime', 17000, 'Немає в наявності');
INSERT INTO Phone (PhoneID, Manufacturer, Model, Specifications, Price, Availability) 
VALUES (11, 'Xiaomi', 'Poco X5 Pro', '256GB, Yellow', 16000, 'В наявності');
INSERT INTO Phone (PhoneID, Manufacturer, Model, Specifications, Price, Availability) 
VALUES (12, 'Apple', 'iPhone 12', '64GB, Purple', 25000, 'В наявності');
INSERT INTO Phone (PhoneID, Manufacturer, Model, Specifications, Price, Availability) 
VALUES (13, 'Samsung', 'Galaxy S22', '128GB, Green', 29000, 'В наявності');
INSERT INTO Phone (PhoneID, Manufacturer, Model, Specifications, Price, Availability) 
VALUES (14, 'Google', 'Pixel 6a', '128GB, Charcoal', 19000, 'В наявності');
INSERT INTO Phone (PhoneID, Manufacturer, Model, Specifications, Price, Availability) 
VALUES (15, 'OnePlus', 'Nord 2T', '128GB, Gray Shadow', 18000, 'В наявності');
INSERT INTO Phone (PhoneID, Manufacturer, Model, Specifications, Price, Availability) 
VALUES (16, 'Realme', '10 Pro', '256GB, Dark Matter', 15000, 'Немає в наявності');
INSERT INTO Phone (PhoneID, Manufacturer, Model, Specifications, Price, Availability) 
VALUES (17, 'Xiaomi', 'Mi 11 Ultra', '512GB, Ceramic Black', 35000, 'В наявності');
INSERT INTO Phone (PhoneID, Manufacturer, Model, Specifications, Price, Availability) 
VALUES (18, 'Apple', 'iPhone SE (2022)', '64GB, Red', 20000, 'В наявності');
INSERT INTO Phone (PhoneID, Manufacturer, Model, Specifications, Price, Availability) 
VALUES (19, 'Samsung', 'Galaxy Z Flip 4', '256GB, Bora Purple', 40000, 'В наявності');
INSERT INTO Phone (PhoneID, Manufacturer, Model, Specifications, Price, Availability) 
VALUES (20, 'Google', 'Pixel 7 Pro', '512GB, Hazel', 37000, 'В наявності');
INSERT INTO Phone (PhoneID, Manufacturer, Model, Specifications, Price, Availability) 
VALUES (21, 'Xiaomi', 'Redmi Note 11 Pro', '128GB, Graphite Gray', 14000, 'В наявності');
INSERT INTO Phone (PhoneID, Manufacturer, Model, Specifications, Price, Availability) 
VALUES (22, 'Realme', '9i', '128GB, Prism Blue', 13000, 'Немає в наявності');
INSERT INTO Phone (PhoneID, Manufacturer, Model, Specifications, Price, Availability) 
VALUES (23, 'OnePlus', '9R', '256GB, Carbon Black', 24000, 'В наявності');
INSERT INTO Phone (PhoneID, Manufacturer, Model, Specifications, Price, Availability) 
VALUES (24, 'Apple', 'iPhone 11', '128GB, Green', 27000, 'В наявності');
INSERT INTO Phone (PhoneID, Manufacturer, Model, Specifications, Price, Availability) 
VALUES (25, 'Samsung', 'Galaxy M53', '128GB, Blue', 19000, 'В наявності');
INSERT INTO Phone (PhoneID, Manufacturer, Model, Specifications, Price, Availability) 
VALUES (26, 'Xiaomi', 'Poco F4 GT', '256GB, Stealth Black', 23000, 'В наявності');
INSERT INTO Phone (PhoneID, Manufacturer, Model, Specifications, Price, Availability) 
VALUES (27, 'Realme', 'Narzo 50', '128GB, Speed Blue', 11000, 'В наявності');
INSERT INTO Phone (PhoneID, Manufacturer, Model, Specifications, Price, Availability) 
VALUES (28, 'Google', 'Pixel 5a', '128GB, Mostly Black', 16000, 'В наявності');
INSERT INTO Phone (PhoneID, Manufacturer, Model, Specifications, Price, Availability) 
VALUES (29, 'OnePlus', '8T', '256GB, Lunar Silver', 21000, 'В наявності');
INSERT INTO Phone (PhoneID, Manufacturer, Model, Specifications, Price, Availability) 
VALUES (30, 'Apple', 'iPhone XR', '64GB, White', 22000, 'В наявності');
INSERT INTO Phone (PhoneID, Manufacturer, Model, Specifications, Price, Availability) 
VALUES (31, 'Samsung', 'Galaxy S21', '128GB, Phantom White', 25000, 'В наявності');
INSERT INTO Phone (PhoneID, Manufacturer, Model, Specifications, Price, Availability) 
VALUES (32, 'Xiaomi', 'Redmi 10', '64GB, Carbon Gray', 9000, 'Немає в наявності');
INSERT INTO Phone (PhoneID, Manufacturer, Model, Specifications, Price, Availability) 
VALUES (33, 'Apple', 'iPhone 15', '256GB, Midnight', 40000, 'В наявності');
INSERT INTO Phone (PhoneID, Manufacturer, Model, Specifications, Price, Availability) 
VALUES (34, 'Google', 'Pixel 6', '128GB, Kinda Coral', 28000, 'Немає в наявності');
INSERT INTO Phone (PhoneID, Manufacturer, Model, Specifications, Price, Availability) 
VALUES (35, 'OnePlus', 'Nord CE 2', '128GB, Bahama Blue', 17000, 'В наявності');
INSERT INTO Phone (PhoneID, Manufacturer, Model, Specifications, Price, Availability) 
VALUES (36, 'Realme', 'GT Master', '256GB, Voyager Grey', 20000, 'В наявності');
INSERT INTO Phone (PhoneID, Manufacturer, Model, Specifications, Price, Availability) 
VALUES (37, 'Samsung', 'Galaxy Z Fold 4', '512GB, Beige', 60000, 'В наявності');
INSERT INTO Phone (PhoneID, Manufacturer, Model, Specifications, Price, Availability) 
VALUES (38, 'Xiaomi', 'Poco X4 GT', '256GB, Green', 16000, 'Немає в наявності');
INSERT INTO Phone (PhoneID, Manufacturer, Model, Specifications, Price, Availability) 
VALUES (39, 'Apple', 'iPhone 13 Pro', '512GB, Sierra Blue', 55000, 'В наявності');
INSERT INTO Phone (PhoneID, Manufacturer, Model, Specifications, Price, Availability) 
VALUES (40, 'Google', 'Pixel 4a', '128GB, Just Black', 14000, 'Немає в наявності');
INSERT INTO Phone (PhoneID, Manufacturer, Model, Specifications, Price, Availability) 
VALUES (41, 'Samsung', 'Galaxy A72', '128GB, Awesome Violet', 21000, 'В наявності');
INSERT INTO Phone (PhoneID, Manufacturer, Model, Specifications, Price, Availability) 
VALUES (42, 'OnePlus', '8 Pro', '256GB, Ultramarine Blue', 26000, 'Немає в наявності');
INSERT INTO Phone (PhoneID, Manufacturer, Model, Specifications, Price, Availability) 
VALUES (43, 'Xiaomi', 'Mi 10T', '128GB, Cosmic Black', 18000, 'В наявності');
INSERT INTO Phone (PhoneID, Manufacturer, Model, Specifications, Price, Availability) 
VALUES (44, 'Realme', '8 Pro', '128GB, Infinite Black', 13000, 'Немає в наявності');
INSERT INTO Phone (PhoneID, Manufacturer, Model, Specifications, Price, Availability) 
VALUES (45, 'Apple', 'iPhone 14 Pro', '1TB, Deep Purple', 70000, 'В наявності');
INSERT INTO Phone (PhoneID, Manufacturer, Model, Specifications, Price, Availability) 
VALUES (46, 'Samsung', 'Galaxy Note 20', '256GB, Mystic Bronze', 34000, 'Немає в наявності');
INSERT INTO Phone (PhoneID, Manufacturer, Model, Specifications, Price, Availability) 
VALUES (47, 'Google', 'Pixel 3', '64GB, Clearly White', 10000, 'Немає в наявності');
INSERT INTO Phone (PhoneID, Manufacturer, Model, Specifications, Price, Availability) 
VALUES (48, 'OnePlus', '7T', '128GB, Frosted Silver', 15000, 'В наявності');
INSERT INTO Phone (PhoneID, Manufacturer, Model, Specifications, Price, Availability) 
VALUES (49, 'Xiaomi', 'Redmi 9', '64GB, Ocean Green', 8000, 'Немає в наявності');
INSERT INTO Phone (PhoneID, Manufacturer, Model, Specifications, Price, Availability) 
VALUES (50, 'Realme', '7i', '128GB, Aurora Green', 12000, 'В наявності');
INSERT INTO Phone (PhoneID, Manufacturer, Model, Specifications, Price, Availability) 
VALUES (51, 'Apple', 'iPhone XS', '256GB, Space Gray', 22000, 'Немає в наявності');
INSERT INTO Phone (PhoneID, Manufacturer, Model, Specifications, Price, Availability) 
VALUES (52, 'Samsung', 'Galaxy S10', '128GB, Prism White', 18000, 'В наявності');
INSERT INTO Phone (PhoneID, Manufacturer, Model, Specifications, Price, Availability) 
VALUES (53, 'Google', 'Pixel 2 XL', '128GB, Black & White', 9000, 'Немає в наявності');
INSERT INTO Phone (PhoneID, Manufacturer, Model, Specifications, Price, Availability) 
VALUES (54, 'OnePlus', '6T', '256GB, Thunder Purple', 13000, 'В наявності');
INSERT INTO Phone (PhoneID, Manufacturer, Model, Specifications, Price, Availability) 
VALUES (55, 'Xiaomi', 'Redmi Note 9', '128GB, Midnight Grey', 10000, 'Немає в наявності');
INSERT INTO Phone (PhoneID, Manufacturer, Model, Specifications, Price, Availability) 
VALUES (56, 'Realme', '6 Pro', '128GB, Lightning Blue', 14000, 'В наявності');
INSERT INTO Phone (PhoneID, Manufacturer, Model, Specifications, Price, Availability) 
VALUES (57, 'Apple', 'iPhone 8 Plus', '64GB, Gold', 16000, 'Немає в наявності');
INSERT INTO Phone (PhoneID, Manufacturer, Model, Specifications, Price, Availability) 
VALUES (58, 'Samsung', 'Galaxy A32', '128GB, Awesome Black', 15000, 'В наявності');
INSERT INTO Phone (PhoneID, Manufacturer, Model, Specifications, Price, Availability) 
VALUES (59, 'Google', 'Pixel 1', '64GB, Very Silver', 7000, 'Немає в наявності');
INSERT INTO Phone (PhoneID, Manufacturer, Model, Specifications, Price, Availability) 
VALUES (60, 'OnePlus', '5T', '128GB, Lava Red', 11000, 'В наявності');
INSERT INTO Phone (PhoneID, Manufacturer, Model, Specifications, Price, Availability) 
VALUES (61, 'Xiaomi', 'Redmi Note 11', '128GB, Graphite Gray', 12000, 'В наявності');
INSERT INTO Phone (PhoneID, Manufacturer, Model, Specifications, Price, Availability) 
VALUES (62, 'Apple', 'iPhone SE (2022)', '64GB, Starlight', 18000, 'Немає в наявності');
INSERT INTO Phone (PhoneID, Manufacturer, Model, Specifications, Price, Availability) 
VALUES (63, 'Samsung', 'Galaxy Z Flip 4', '256GB, Bora Purple', 45000, 'В наявності');
INSERT INTO Phone (PhoneID, Manufacturer, Model, Specifications, Price, Availability) 
VALUES (64, 'Google', 'Pixel 7', '128GB, Lemongrass', 32000, 'Немає в наявності');
INSERT INTO Phone (PhoneID, Manufacturer, Model, Specifications, Price, Availability) 
VALUES (65, 'OnePlus', '10 Pro', '256GB, Volcanic Black', 37000, 'В наявності');
INSERT INTO Phone (PhoneID, Manufacturer, Model, Specifications, Price, Availability) 
VALUES (66, 'Realme', 'Narzo 50', '128GB, Speed Blue', 14000, 'В наявності');
INSERT INTO Phone (PhoneID, Manufacturer, Model, Specifications, Price, Availability) 
VALUES (67, 'Xiaomi', 'Mi 11 Ultra', '512GB, Ceramic White', 55000, 'Немає в наявності');
INSERT INTO Phone (PhoneID, Manufacturer, Model, Specifications, Price, Availability) 
VALUES (68, 'Apple', 'iPhone 12 Mini', '128GB, Green', 26000, 'В наявності');
INSERT INTO Phone (PhoneID, Manufacturer, Model, Specifications, Price, Availability) 
VALUES (69, 'Samsung', 'Galaxy M52', '128GB, Blazing Black', 15000, 'Немає в наявності');
INSERT INTO Phone (PhoneID, Manufacturer, Model, Specifications, Price, Availability) 
VALUES (70, 'Google', 'Pixel 5', '128GB, Sorta Sage', 28000, 'В наявності');
INSERT INTO Phone (PhoneID, Manufacturer, Model, Specifications, Price, Availability) 
VALUES (71, 'OnePlus', 'Nord 2', '128GB, Blue Haze', 20000, 'Немає в наявності');
INSERT INTO Phone (PhoneID, Manufacturer, Model, Specifications, Price, Availability) 
VALUES (72, 'Realme', 'GT Neo 3', '256GB, Nitro Blue', 30000, 'В наявності');
INSERT INTO Phone (PhoneID, Manufacturer, Model, Specifications, Price, Availability) 
VALUES (73, 'Xiaomi', 'Poco F4', '128GB, Night Black', 23000, 'В наявності');
INSERT INTO Phone (PhoneID, Manufacturer, Model, Specifications, Price, Availability) 
VALUES (74, 'Apple', 'iPhone XR', '128GB, Coral', 21000, 'Немає в наявності');
INSERT INTO Phone (PhoneID, Manufacturer, Model, Specifications, Price, Availability) 
VALUES (75, 'Samsung', 'Galaxy A53', '256GB, Awesome Peach', 18000, 'В наявності');
INSERT INTO Phone (PhoneID, Manufacturer, Model, Specifications, Price, Availability) 
VALUES (76, 'Google', 'Pixel 6a', '128GB, Chalk', 25000, 'Немає в наявності');
INSERT INTO Phone (PhoneID, Manufacturer, Model, Specifications, Price, Availability) 
VALUES (77, 'OnePlus', '9 Pro', '256GB, Morning Mist', 41000, 'В наявності');
INSERT INTO Phone (PhoneID, Manufacturer, Model, Specifications, Price, Availability) 
VALUES (78, 'Realme', '8', '128GB, Cyber Silver', 14000, 'Немає в наявності');
INSERT INTO Phone (PhoneID, Manufacturer, Model, Specifications, Price, Availability) 
VALUES (79, 'Xiaomi', 'Redmi K50', '128GB, Dimensity Edition', 27000, 'В наявності');
INSERT INTO Phone (PhoneID, Manufacturer, Model, Specifications, Price, Availability) 
VALUES (80, 'Apple', 'iPhone 11 Pro Max', '512GB, Midnight Green', 60000, 'Немає в наявності');
INSERT INTO Phone (PhoneID, Manufacturer, Model, Specifications, Price, Availability) 
VALUES (81, 'Samsung', 'Galaxy S22 Ultra', '1TB, Burgundy', 80000, 'В наявності');
INSERT INTO Phone (PhoneID, Manufacturer, Model, Specifications, Price, Availability) 
VALUES (82, 'Google', 'Pixel 4', '64GB, Clearly White', 19000, 'Немає в наявності');
INSERT INTO Phone (PhoneID, Manufacturer, Model, Specifications, Price, Availability) 
VALUES (83, 'OnePlus', '7', '128GB, Mirror Gray', 17000, 'В наявності');
INSERT INTO Phone (PhoneID, Manufacturer, Model, Specifications, Price, Availability) 
VALUES (84, 'Realme', 'C25', '64GB, Water Blue', 11000, 'Немає в наявності');
INSERT INTO Phone (PhoneID, Manufacturer, Model, Specifications, Price, Availability) 
VALUES (85, 'Xiaomi', 'Black Shark 4', '256GB, Shadow Black', 29000, 'В наявності');
INSERT INTO Phone (PhoneID, Manufacturer, Model, Specifications, Price, Availability) 
VALUES (86, 'Apple', 'iPhone 13', '256GB, Midnight', 39000, 'В наявності');
INSERT INTO Phone (PhoneID, Manufacturer, Model, Specifications, Price, Availability) 
VALUES (87, 'Samsung', 'Galaxy A73', '128GB, Mint', 21000, 'Немає в наявності');
INSERT INTO Phone (PhoneID, Manufacturer, Model, Specifications, Price, Availability) 
VALUES (88, 'Google', 'Pixel 6 Pro', '512GB, Cloudy White', 50000, 'В наявності');
INSERT INTO Phone (PhoneID, Manufacturer, Model, Specifications, Price, Availability) 
VALUES (89, 'OnePlus', '8T', '256GB, Aquamarine Green', 32000, 'Немає в наявності');
INSERT INTO Phone (PhoneID, Manufacturer, Model, Specifications, Price, Availability) 
VALUES (90, 'Realme', '9 Pro+', '128GB, Sunrise Blue', 26000, 'В наявності');
INSERT INTO Phone (PhoneID, Manufacturer, Model, Specifications, Price, Availability) 
VALUES (91, 'Xiaomi', 'Mi 10T Pro', '256GB, Lunar Silver', 28000, 'Немає в наявності');
INSERT INTO Phone (PhoneID, Manufacturer, Model, Specifications, Price, Availability) 
VALUES (92, 'Apple', 'iPhone 11', '128GB, Red', 27000, 'В наявності');
INSERT INTO Phone (PhoneID, Manufacturer, Model, Specifications, Price, Availability) 
VALUES (93, 'Samsung', 'Galaxy Note 20 Ultra', '512GB, Mystic Bronze', 60000, 'Немає в наявності');
INSERT INTO Phone (PhoneID, Manufacturer, Model, Specifications, Price, Availability) 
VALUES (94, 'Google', 'Pixel 3 XL', '128GB, Not Pink', 17000, 'В наявності');
INSERT INTO Phone (PhoneID, Manufacturer, Model, Specifications, Price, Availability) 
VALUES (95, 'OnePlus', 'Nord CE 2', '128GB, Gray Mirror', 22000, 'Немає в наявності');
INSERT INTO Phone (PhoneID, Manufacturer, Model, Specifications, Price, Availability) 
VALUES (96, 'Realme', 'GT 2 Pro', '512GB, Paper White', 33000, 'В наявності');
INSERT INTO Phone (PhoneID, Manufacturer, Model, Specifications, Price, Availability) 
VALUES (97, 'Xiaomi', 'Redmi 10', '128GB, Pebble White', 13000, 'Немає в наявності');
INSERT INTO Phone (PhoneID, Manufacturer, Model, Specifications, Price, Availability) 
VALUES (98, 'Apple', 'iPhone XS Max', '512GB, Space Gray', 45000, 'В наявності');
INSERT INTO Phone (PhoneID, Manufacturer, Model, Specifications, Price, Availability) 
VALUES (99, 'Samsung', 'Galaxy S21 FE', '256GB, Olive', 34000, 'Немає в наявності');
INSERT INTO Phone (PhoneID, Manufacturer, Model, Specifications, Price, Availability) 
VALUES (100, 'Google', 'Pixel 4a', '128GB, Just Black', 20000, 'В наявності');

INSERT INTO Orders (OrderID, ClientID, OrderDate, CompletionDate, OrderAmount) 
VALUES (1, 1, '2024-03-01', NULL, 35000);
INSERT INTO Orders (OrderID, ClientID, OrderDate, CompletionDate, OrderAmount) 
VALUES (2, 3, '2024-03-05', '2024-03-10', 15000);
INSERT INTO Orders (OrderID, ClientID, OrderDate, CompletionDate, OrderAmount) 
VALUES (3, 5, '2024-08-07', '2024-08-12', 81000);
INSERT INTO Orders (OrderID, ClientID, OrderDate, CompletionDate, OrderAmount) 
VALUES (4, 8, '2025-01-10', '2025-01-13', 80000);
INSERT INTO Orders (OrderID, ClientID, OrderDate, CompletionDate, OrderAmount) 
VALUES (5, 21, '2025-02-12', '2025-02-15', 90000);
INSERT INTO Orders (OrderID, ClientID, OrderDate, CompletionDate, OrderAmount) 
VALUES (6, 8, '2025-01-12', '2025-01-15', 70000);
INSERT INTO Orders (OrderID, ClientID, OrderDate, CompletionDate, OrderAmount) 
VALUES (7, 32, '2024-03-08', '2024-03-12', 46000);
INSERT INTO Orders (OrderID, ClientID, OrderDate, CompletionDate, OrderAmount) 
VALUES (8, 45, '2024-04-14', '2024-04-18', 17000);
INSERT INTO Orders (OrderID, ClientID, OrderDate, CompletionDate, OrderAmount) 
VALUES (9, 98, '2024-05-20', '2024-05-24', 24000);
INSERT INTO Orders (OrderID, ClientID, OrderDate, CompletionDate, OrderAmount) 
VALUES (10, 76, '2024-06-07', '2024-06-11', 70000);
INSERT INTO Orders (OrderID, ClientID, OrderDate, CompletionDate, OrderAmount) 
VALUES (11, 14, '2024-06-15', '2024-06-20', 72000);
INSERT INTO Orders (OrderID, ClientID, OrderDate, CompletionDate, OrderAmount) 
VALUES (12, 59, '2024-07-05', '2024-07-09', 25000);
INSERT INTO Orders (OrderID, ClientID, OrderDate, CompletionDate, OrderAmount)
VALUES (13, 113, '2024-08-18', '2024-08-22', 420000);
INSERT INTO Orders (OrderID, ClientID, OrderDate, CompletionDate, OrderAmount) 
VALUES (14, 87, '2024-09-01', '2024-09-05', 74000);
INSERT INTO Orders (OrderID, ClientID, OrderDate, CompletionDate, OrderAmount) 
VALUES (15, 133, '2024-10-10', '2024-10-14', 243000);
INSERT INTO Orders (OrderID, ClientID, OrderDate, CompletionDate, OrderAmount) 
VALUES (16, 72, '2024-10-15', '2024-10-19', 27000);
INSERT INTO Orders (OrderID, ClientID, OrderDate, CompletionDate, OrderAmount) 
VALUES (17, 156, '2024-11-01', '2024-11-05', 104000);
INSERT INTO Orders (OrderID, ClientID, OrderDate, CompletionDate, OrderAmount) 
VALUES (18, 102, '2024-12-10', '2024-12-14', 252000);
INSERT INTO Orders (OrderID, ClientID, OrderDate, CompletionDate, OrderAmount) 
VALUES (19, 118, '2025-01-01', '2025-01-04', 506000);
INSERT INTO Orders (OrderID, ClientID, OrderDate, CompletionDate, OrderAmount) 
VALUES (20, 167, '2025-01-25', '2025-01-30', 150000);
INSERT INTO Orders (OrderID, ClientID, OrderDate, CompletionDate, OrderAmount) 
VALUES (21, 30, '2025-02-01', '2025-02-05', 42000);
INSERT INTO Orders (OrderID, ClientID, OrderDate, CompletionDate, OrderAmount) 
VALUES (22, 142, '2025-03-15', '2025-03-19', 756000);
INSERT INTO Orders (OrderID, ClientID, OrderDate, CompletionDate, OrderAmount) 
VALUES (23, 57, '2025-04-03', '2025-04-07', 20000);
INSERT INTO Orders (OrderID, ClientID, OrderDate, CompletionDate, OrderAmount) 
VALUES (24, 49, '2025-04-15', '2025-04-18', 35000);
INSERT INTO Orders (OrderID, ClientID, OrderDate, CompletionDate, OrderAmount) 
VALUES (25, 193, '2025-05-10', '2025-05-14', 1700000);
INSERT INTO Orders (OrderID, ClientID, OrderDate, CompletionDate, OrderAmount) 
VALUES (26, 140, '2025-06-01', '2025-06-04', 640000);
INSERT INTO Orders (OrderID, ClientID, OrderDate, CompletionDate, OrderAmount) 
VALUES (27, 168, '2025-07-09', '2025-07-12', 492000);
INSERT INTO Orders (OrderID, ClientID, OrderDate, CompletionDate, OrderAmount) 
VALUES (28, 82, '2025-07-20', '2025-07-23', 15000);
INSERT INTO Orders (OrderID, ClientID, OrderDate, CompletionDate, OrderAmount) 
VALUES (29, 19, '2025-08-05', '2025-08-09', 33000);
INSERT INTO Orders (OrderID, ClientID, OrderDate, CompletionDate, OrderAmount) 
VALUES (30, 53, '2025-08-12', '2025-08-15', 45000);
INSERT INTO Orders (OrderID, ClientID, OrderDate, CompletionDate, OrderAmount) 
VALUES (31, 109, '2025-09-01', '2025-09-05', 270000);
INSERT INTO Orders (OrderID, ClientID, OrderDate, CompletionDate, OrderAmount) 
VALUES (32, 65, '2025-09-07', '2025-09-10', 60000);
INSERT INTO Orders (OrderID, ClientID, OrderDate, CompletionDate, OrderAmount) 
VALUES (33, 181, '2025-10-01', '2025-10-04', 1176000);
INSERT INTO Orders (OrderID, ClientID, OrderDate, CompletionDate, OrderAmount) 
VALUES (34, 167, '2025-10-12', '2025-10-16', 2496000);
INSERT INTO Orders (OrderID, ClientID, OrderDate, CompletionDate, OrderAmount) 
VALUES (35, 95, '2025-11-05', '2025-11-08', 17000);
INSERT INTO Orders (OrderID, ClientID, OrderDate, CompletionDate, OrderAmount) 
VALUES (36, 142, '2025-11-13', '2025-11-16', 408000);
INSERT INTO Orders (OrderID, ClientID, OrderDate, CompletionDate, OrderAmount) 
VALUES (37, 148, '2025-12-02', '2025-12-06', 350000);
INSERT INTO Orders (OrderID, ClientID, OrderDate, CompletionDate, OrderAmount) 
VALUES (38, 20, '2025-12-08', '2025-12-12', 17000);
INSERT INTO Orders (OrderID, ClientID, OrderDate, CompletionDate, OrderAmount) 
VALUES (39, 159, '2026-01-15', '2026-01-19', 1125000);
INSERT INTO Orders (OrderID, ClientID, OrderDate, CompletionDate, OrderAmount) 
VALUES (40, 117, '2026-02-01', '2026-02-04', 345000);
INSERT INTO Orders (OrderID, ClientID, OrderDate, CompletionDate, OrderAmount) 
VALUES (41, 58, '2026-03-01', '2026-03-04', 39000);
INSERT INTO Orders (OrderID, ClientID, OrderDate, CompletionDate, OrderAmount) 
VALUES (42, 180, '2026-04-10', '2026-04-14', 1600000);
INSERT INTO Orders (OrderID, ClientID, OrderDate, CompletionDate, OrderAmount) 
VALUES (43, 126, '2026-05-05', '2026-05-09', 98000);
INSERT INTO Orders (OrderID, ClientID, OrderDate, CompletionDate, OrderAmount) 
VALUES (44, 91, '2026-06-07', '2026-06-11', 14000);
INSERT INTO Orders (OrderID, ClientID, OrderDate, CompletionDate, OrderAmount) 
VALUES (45, 174, '2026-06-18', '2026-06-21', 286000);
INSERT INTO Orders (OrderID, ClientID, OrderDate, CompletionDate, OrderAmount) 
VALUES (46, 140, '2026-07-10', '2026-07-14', 369000);
INSERT INTO Orders (OrderID, ClientID, OrderDate, CompletionDate, OrderAmount) 
VALUES (47, 138, '2026-08-01', '2026-08-04', 374000);
INSERT INTO Orders (OrderID, ClientID, OrderDate, CompletionDate, OrderAmount) 
VALUES (48, 82, '2026-08-15', '2026-08-19', 54000);
INSERT INTO Orders (OrderID, ClientID, OrderDate, CompletionDate, OrderAmount) 
VALUES (49, 71, '2026-09-05', '2026-09-09', 16000);
INSERT INTO Orders (OrderID, ClientID, OrderDate, CompletionDate, OrderAmount) 
VALUES (50, 177, '2026-10-02', '2026-10-06', 2720000);
INSERT INTO Orders (OrderID, ClientID, OrderDate, CompletionDate, OrderAmount) 
VALUES (51, 160, '2026-10-10', '2026-10-14', 342000);
INSERT INTO Orders (OrderID, ClientID, OrderDate, CompletionDate, OrderAmount) 
VALUES (52, 34, '2026-11-01', '2026-11-05', 56000);
INSERT INTO Orders (OrderID, ClientID, OrderDate, CompletionDate, OrderAmount) 
VALUES (53, 174, '2026-11-12', '2026-11-15', 33000);
INSERT INTO Orders (OrderID, ClientID, OrderDate, CompletionDate, OrderAmount) 
VALUES (54, 101, '2026-12-01', '2026-12-04', 33000);
INSERT INTO Orders (OrderID, ClientID, OrderDate, CompletionDate, OrderAmount) 
VALUES (55, 149, '2026-12-10', '2026-12-13', 20000);
INSERT INTO Orders (OrderID, ClientID, OrderDate, CompletionDate, OrderAmount) 
VALUES (56, 62, '2027-01-05', '2027-01-09', 40000);
INSERT INTO Orders (OrderID, ClientID, OrderDate, CompletionDate, OrderAmount) 
VALUES (57, 133, '2027-01-15', '2027-01-18', 575000);
INSERT INTO Orders (OrderID, ClientID, OrderDate, CompletionDate, OrderAmount) 
VALUES (58, 110, '2027-02-02', '2027-02-06', 27000);
INSERT INTO Orders (OrderID, ClientID, OrderDate, CompletionDate, OrderAmount) 
VALUES (59, 64, '2027-02-20', '2027-02-24', 345000);
INSERT INTO Orders (OrderID, ClientID, OrderDate, CompletionDate, OrderAmount) 
VALUES (60, 91, '2027-03-03', '2027-03-07', 23000);
INSERT INTO Orders (OrderID, ClientID, OrderDate, CompletionDate, OrderAmount) 
VALUES (61, 54, '2027-03-15', '2027-03-19', 42000);
INSERT INTO Orders (OrderID, ClientID, OrderDate, CompletionDate, OrderAmount) 
VALUES (62, 145, '2027-04-01', '2027-04-04', 18000);
INSERT INTO Orders (OrderID, ClientID, OrderDate, CompletionDate, OrderAmount) 
VALUES (63, 128, '2027-04-10', '2027-04-13', 120000);
INSERT INTO Orders (OrderID, ClientID, OrderDate, CompletionDate, OrderAmount) 
VALUES (64, 181, '2027-05-05', '2027-05-09', 29000);
INSERT INTO Orders (OrderID, ClientID, OrderDate, CompletionDate, OrderAmount) 
VALUES (65, 173, '2027-05-12', '2027-05-15', 13000);
INSERT INTO Orders (OrderID, ClientID, OrderDate, CompletionDate, OrderAmount) 
VALUES (66, 123, '2027-06-01', '2027-06-04', 26000);
INSERT INTO Orders (OrderID, ClientID, OrderDate, CompletionDate, OrderAmount) 
VALUES (67, 150, '2027-06-10', '2027-06-13', 28000);
INSERT INTO Orders (OrderID, ClientID, OrderDate, CompletionDate, OrderAmount) 
VALUES (68, 17, '2027-07-03', '2027-07-06', 11000);
INSERT INTO Orders (OrderID, ClientID, OrderDate, CompletionDate, OrderAmount) 
VALUES (69, 156, '2027-07-12', '2027-07-16', 30000);
INSERT INTO Orders (OrderID, ClientID, OrderDate, CompletionDate, OrderAmount) 
VALUES (70, 110, '2027-08-01', '2027-08-04', 840000);
INSERT INTO Orders (OrderID, ClientID, OrderDate, CompletionDate, OrderAmount) 
VALUES (71, 170, '2027-08-10', '2027-08-14', 440000);
INSERT INTO Orders (OrderID, ClientID, OrderDate, CompletionDate, OrderAmount) 
VALUES (72, 102, '2027-09-05', '2027-09-09', 105000);
INSERT INTO Orders (OrderID, ClientID, OrderDate, CompletionDate, OrderAmount) 
VALUES (73, 61, '2027-09-15', '2027-09-19', 27000);
INSERT INTO Orders (OrderID, ClientID, OrderDate, CompletionDate, OrderAmount) 
VALUES (74, 154, '2027-10-01', '2027-10-04', 120000);
INSERT INTO Orders (OrderID, ClientID, OrderDate, CompletionDate, OrderAmount) 
VALUES (75, 141, '2027-10-12', '2027-10-15', 231000);
INSERT INTO Orders (OrderID, ClientID, OrderDate, CompletionDate, OrderAmount) 
VALUES (76, 88, '2027-11-01', '2027-11-05', 41000);
INSERT INTO Orders (OrderID, ClientID, OrderDate, CompletionDate, OrderAmount) 
VALUES (77, 173, '2027-11-10', '2027-11-14', 184000);
INSERT INTO Orders (OrderID, ClientID, OrderDate, CompletionDate, OrderAmount) 
VALUES (78, 118, '2027-12-01', '2027-12-04', 360000);
INSERT INTO Orders (OrderID, ClientID, OrderDate, CompletionDate, OrderAmount) 
VALUES (79, 122, '2027-12-12', '2027-12-15', 28000);
INSERT INTO Orders (OrderID, ClientID, OrderDate, CompletionDate, OrderAmount) 
VALUES (80, 66, '2028-01-01', '2028-01-05', 40000);
INSERT INTO Orders (OrderID, ClientID, OrderDate, CompletionDate, OrderAmount) 
VALUES (81, 139, '2028-01-10', '2028-01-13', 345000);
INSERT INTO Orders (OrderID, ClientID, OrderDate, CompletionDate, OrderAmount) 
VALUES (82, 93, '2028-02-01', '2028-02-05', 32000);
INSERT INTO Orders (OrderID, ClientID, OrderDate, CompletionDate, OrderAmount) 
VALUES (83, 144, '2028-02-12', '2028-02-16', 22000);
INSERT INTO Orders (OrderID, ClientID, OrderDate, CompletionDate, OrderAmount) 
VALUES (84, 182, '2028-03-01', '2028-03-05', 180000);
INSERT INTO Orders (OrderID, ClientID, OrderDate, CompletionDate, OrderAmount) 
VALUES (85, 183, '2028-03-12', '2028-03-15', 54000);
INSERT INTO Orders (OrderID, ClientID, OrderDate, CompletionDate, OrderAmount) 
VALUES (86, 126, '2028-04-01', '2028-04-05', 17000);
INSERT INTO Orders (OrderID, ClientID, OrderDate, CompletionDate, OrderAmount) 
VALUES (87, 107, '2028-04-10', '2028-04-14', 275000);
INSERT INTO Orders (OrderID, ClientID, OrderDate, CompletionDate, OrderAmount) 
VALUES (88, 92, '2028-05-01', '2028-05-05', 810000);
INSERT INTO Orders (OrderID, ClientID, OrderDate, CompletionDate, OrderAmount) 
VALUES (89, 150, '2028-05-10', '2028-05-14', 22000);
INSERT INTO Orders (OrderID, ClientID, OrderDate, CompletionDate, OrderAmount) 
VALUES (90, 115, '2028-06-01', '2028-06-04', 100000);
INSERT INTO Orders (OrderID, ClientID, OrderDate, CompletionDate, OrderAmount) 
VALUES (91, 105, '2028-06-12', '2028-06-15', 18000);
INSERT INTO Orders (OrderID, ClientID, OrderDate, CompletionDate, OrderAmount) 
VALUES (92, 157, '2028-07-01', '2028-07-04', 99000);
INSERT INTO Orders (OrderID, ClientID, OrderDate, CompletionDate, OrderAmount) 
VALUES (93, 175, '2028-07-10', '2028-07-13', 18000);
INSERT INTO Orders (OrderID, ClientID, OrderDate, CompletionDate, OrderAmount) 
VALUES (94, 111, '2028-08-01', '2028-08-05', 14000);
INSERT INTO Orders (OrderID, ClientID, OrderDate, CompletionDate, OrderAmount) 
VALUES (95, 95, '2028-08-12', '2028-08-15', 105000);
INSERT INTO Orders (OrderID, ClientID, OrderDate, CompletionDate, OrderAmount) 
VALUES (96, 109, '2028-09-01', '2028-09-04', 76000);
INSERT INTO Orders (OrderID, ClientID, OrderDate, CompletionDate, OrderAmount) 
VALUES (97, 141, '2028-09-12', '2028-09-15', 720000);
INSERT INTO Orders (OrderID, ClientID, OrderDate, CompletionDate, OrderAmount) 
VALUES (98, 138, '2028-10-01', '2028-10-05', 105000);
INSERT INTO Orders (OrderID, ClientID, OrderDate, CompletionDate, OrderAmount) 
VALUES (99, 162, '2028-10-15', '2028-10-19', 108000);
INSERT INTO Orders (OrderID, ClientID, OrderDate, CompletionDate, OrderAmount) 
VALUES (100, 157, '2028-11-01', '2028-11-05', 650000);

INSERT INTO OrderLine (LineID, OrderID, PhoneID, Quantity) 
VALUES (1, 1, 1, 1);
INSERT INTO OrderLine (LineID, OrderID, PhoneID, Quantity) 
VALUES (2, 2, 3, 1);
INSERT INTO OrderLine (LineID, OrderID, PhoneID, Quantity) 
VALUES (3, 3, 8, 3);
INSERT INTO OrderLine (LineID, OrderID, PhoneID, Quantity) 
VALUES (4, 4, 33, 2);
INSERT INTO OrderLine (LineID, OrderID, PhoneID, Quantity) 
VALUES (5, 5, 48, 6);
INSERT INTO OrderLine (LineID, OrderID, PhoneID, Quantity) 
VALUES (6, 6, 45, 1);
INSERT INTO OrderLine (LineID, OrderID, PhoneID, Quantity) 
VALUES (7, 7, 73, 2);
INSERT INTO OrderLine (LineID, OrderID, PhoneID, Quantity) 
VALUES (8, 8, 94, 1);
INSERT INTO OrderLine (LineID, OrderID, PhoneID, Quantity) 
VALUES (9, 9, 23, 1);
INSERT INTO OrderLine (LineID, OrderID, PhoneID, Quantity) 
VALUES (10, 10, 45, 1);
INSERT INTO OrderLine (LineID, OrderID, PhoneID, Quantity) 
VALUES (11, 11, 50, 6);
INSERT INTO OrderLine (LineID, OrderID, PhoneID, Quantity) 
VALUES (12, 12, 31, 1);
INSERT INTO OrderLine (LineID, OrderID, PhoneID, Quantity) 
VALUES (13, 13, 37, 7);
INSERT INTO OrderLine (LineID, OrderID, PhoneID, Quantity) 
VALUES (14, 14, 65, 2);
INSERT INTO OrderLine (LineID, OrderID, PhoneID, Quantity) 
VALUES (15, 15, 24, 9);
INSERT INTO OrderLine (LineID, OrderID, PhoneID, Quantity) 
VALUES (16, 16, 79, 1);
INSERT INTO OrderLine (LineID, OrderID, PhoneID, Quantity) 
VALUES (17, 17, 54, 8);
INSERT INTO OrderLine (LineID, OrderID, PhoneID, Quantity) 
VALUES (18, 18, 15, 14);
INSERT INTO OrderLine (LineID, OrderID, PhoneID, Quantity) 
VALUES (19, 19, 26, 22);
INSERT INTO OrderLine (LineID, OrderID, PhoneID, Quantity) 
VALUES (20, 20, 48, 10);
INSERT INTO OrderLine (LineID, OrderID, PhoneID, Quantity) 
VALUES (21, 21, 29, 2);
INSERT INTO OrderLine (LineID, OrderID, PhoneID, Quantity) 
VALUES (22, 22, 7, 27);
INSERT INTO OrderLine (LineID, OrderID, PhoneID, Quantity) 
VALUES (23, 23, 100, 1);
INSERT INTO OrderLine (LineID, OrderID, PhoneID, Quantity) 
VALUES (24, 24, 1, 1);
INSERT INTO OrderLine (LineID, OrderID, PhoneID, Quantity) 
VALUES (25, 25, 94, 100);
INSERT INTO OrderLine (LineID, OrderID, PhoneID, Quantity) 
VALUES (26, 26, 36, 32);
INSERT INTO OrderLine (LineID, OrderID, PhoneID, Quantity) 
VALUES (27, 27, 77, 12);
INSERT INTO OrderLine (LineID, OrderID, PhoneID, Quantity) 
VALUES (28, 28, 58, 1);
INSERT INTO OrderLine (LineID, OrderID, PhoneID, Quantity) 
VALUES (29, 29, 60, 3);
INSERT INTO OrderLine (LineID, OrderID, PhoneID, Quantity) 
VALUES (30, 30, 98, 1);
INSERT INTO OrderLine (LineID, OrderID, PhoneID, Quantity) 
VALUES (31, 31, 2, 9);
INSERT INTO OrderLine (LineID, OrderID, PhoneID, Quantity) 
VALUES (32, 32, 37, 1);
INSERT INTO OrderLine (LineID, OrderID, PhoneID, Quantity) 
VALUES (33, 33, 41, 56);
INSERT INTO OrderLine (LineID, OrderID, PhoneID, Quantity) 
VALUES (34, 34, 4, 78);
INSERT INTO OrderLine (LineID, OrderID, PhoneID, Quantity) 
VALUES (35, 35, 83, 1);
INSERT INTO OrderLine (LineID, OrderID, PhoneID, Quantity) 
VALUES (36, 36, 50, 34);
INSERT INTO OrderLine (LineID, OrderID, PhoneID, Quantity) 
VALUES (37, 37, 12, 14);
INSERT INTO OrderLine (LineID, OrderID, PhoneID, Quantity) 
VALUES (38, 38, 35, 1);
INSERT INTO OrderLine (LineID, OrderID, PhoneID, Quantity) 
VALUES (39, 39, 31, 45);
INSERT INTO OrderLine (LineID, OrderID, PhoneID, Quantity) 
VALUES (40, 40, 48, 23);
INSERT INTO OrderLine (LineID, OrderID, PhoneID, Quantity) 
VALUES (41, 41, 86, 1);
INSERT INTO OrderLine (LineID, OrderID, PhoneID, Quantity) 
VALUES (42, 42, 81, 20);
INSERT INTO OrderLine (LineID, OrderID, PhoneID, Quantity) 
VALUES (43, 43, 66, 7);
INSERT INTO OrderLine (LineID, OrderID, PhoneID, Quantity) 
VALUES (44, 44, 56, 1);
INSERT INTO OrderLine (LineID, OrderID, PhoneID, Quantity) 
VALUES (45, 45, 30, 13);
INSERT INTO OrderLine (LineID, OrderID, PhoneID, Quantity) 
VALUES (46, 46, 77, 9);
INSERT INTO OrderLine (LineID, OrderID, PhoneID, Quantity) 
VALUES (47, 47, 83, 22);
INSERT INTO OrderLine (LineID, OrderID, PhoneID, Quantity) 
VALUES (48, 48, 15, 3);
INSERT INTO OrderLine (LineID, OrderID, PhoneID, Quantity) 
VALUES (49, 49, 28, 1);
INSERT INTO OrderLine (LineID, OrderID, PhoneID, Quantity) 
VALUES (50, 50, 81, 34);
INSERT INTO OrderLine (LineID, OrderID, PhoneID, Quantity) 
VALUES (51, 51, 75, 19);
INSERT INTO OrderLine (LineID, OrderID, PhoneID, Quantity) 
VALUES (52, 52, 7, 2);
INSERT INTO OrderLine (LineID, OrderID, PhoneID, Quantity) 
VALUES (53, 53, 96, 1);
INSERT INTO OrderLine (LineID, OrderID, PhoneID, Quantity) 
VALUES (54, 54, 60, 3);
INSERT INTO OrderLine (LineID, OrderID, PhoneID, Quantity) 
VALUES (55, 55, 100, 1);
INSERT INTO OrderLine (LineID, OrderID, PhoneID, Quantity) 
VALUES (56, 56, 18, 2);
INSERT INTO OrderLine (LineID, OrderID, PhoneID, Quantity) 
VALUES (57, 57, 31, 23);
INSERT INTO OrderLine (LineID, OrderID, PhoneID, Quantity) 
VALUES (58, 58, 8, 1);
INSERT INTO OrderLine (LineID, OrderID, PhoneID, Quantity) 
VALUES (59, 59, 48, 23);
INSERT INTO OrderLine (LineID, OrderID, PhoneID, Quantity) 
VALUES (60, 60, 73, 1);
INSERT INTO OrderLine (LineID, OrderID, PhoneID, Quantity) 
VALUES (61, 61, 29, 2);
INSERT INTO OrderLine (LineID, OrderID, PhoneID, Quantity) 
VALUES (62, 62, 43, 1);
INSERT INTO OrderLine (LineID, OrderID, PhoneID, Quantity) 
VALUES (63, 63, 2, 4);
INSERT INTO OrderLine (LineID, OrderID, PhoneID, Quantity) 
VALUES (64, 64, 85, 1);
INSERT INTO OrderLine (LineID, OrderID, PhoneID, Quantity) 
VALUES (65, 65, 54, 1);
INSERT INTO OrderLine (LineID, OrderID, PhoneID, Quantity) 
VALUES (66, 66, 68, 1);
INSERT INTO OrderLine (LineID, OrderID, PhoneID, Quantity) 
VALUES (67, 67, 70, 1);
INSERT INTO OrderLine (LineID, OrderID, PhoneID, Quantity) 
VALUES (68, 68, 27, 1);
INSERT INTO OrderLine (LineID, OrderID, PhoneID, Quantity) 
VALUES (69, 69, 6, 1);
INSERT INTO OrderLine (LineID, OrderID, PhoneID, Quantity) 
VALUES (70, 70, 17, 24);
INSERT INTO OrderLine (LineID, OrderID, PhoneID, Quantity) 
VALUES (71, 71, 39, 8);
INSERT INTO OrderLine (LineID, OrderID, PhoneID, Quantity) 
VALUES (72, 72, 17, 3);
INSERT INTO OrderLine (LineID, OrderID, PhoneID, Quantity) 
VALUES (73, 73, 79, 1);
INSERT INTO OrderLine (LineID, OrderID, PhoneID, Quantity) 
VALUES (74, 74, 36, 6);
INSERT INTO OrderLine (LineID, OrderID, PhoneID, Quantity) 
VALUES (75, 75, 96, 7);
INSERT INTO OrderLine (LineID, OrderID, PhoneID, Quantity) 
VALUES (76, 76, 77, 1);
INSERT INTO OrderLine (LineID, OrderID, PhoneID, Quantity) 
VALUES (77, 77, 26, 8);
INSERT INTO OrderLine (LineID, OrderID, PhoneID, Quantity) 
VALUES (78, 78, 63, 8);
INSERT INTO OrderLine (LineID, OrderID, PhoneID, Quantity) 
VALUES (79, 79, 70, 1);
INSERT INTO OrderLine (LineID, OrderID, PhoneID, Quantity) 
VALUES (80, 80, 19, 1);
INSERT INTO OrderLine (LineID, OrderID, PhoneID, Quantity) 
VALUES (81, 81, 26, 15);
INSERT INTO OrderLine (LineID, OrderID, PhoneID, Quantity) 
VALUES (82, 82, 4, 1);
INSERT INTO OrderLine (LineID, OrderID, PhoneID, Quantity) 
VALUES (83, 83, 30, 1);
INSERT INTO OrderLine (LineID, OrderID, PhoneID, Quantity) 
VALUES (84, 84, 48, 12);
INSERT INTO OrderLine (LineID, OrderID, PhoneID, Quantity) 
VALUES (85, 85, 43, 3);
INSERT INTO OrderLine (LineID, OrderID, PhoneID, Quantity) 
VALUES (86, 86, 83, 1);
INSERT INTO OrderLine (LineID, OrderID, PhoneID, Quantity) 
VALUES (87, 87, 31, 11);
INSERT INTO OrderLine (LineID, OrderID, PhoneID, Quantity) 
VALUES (88, 88, 52, 45);
INSERT INTO OrderLine (LineID, OrderID, PhoneID, Quantity) 
VALUES (89, 89, 9, 1);
INSERT INTO OrderLine (LineID, OrderID, PhoneID, Quantity) 
VALUES (90, 90, 18, 5);
INSERT INTO OrderLine (LineID, OrderID, PhoneID, Quantity) 
VALUES (91, 91, 43, 1);
INSERT INTO OrderLine (LineID, OrderID, PhoneID, Quantity) 
VALUES (92, 92, 96, 3);
INSERT INTO OrderLine (LineID, OrderID, PhoneID, Quantity) 
VALUES (93, 93, 43, 1);
INSERT INTO OrderLine (LineID, OrderID, PhoneID, Quantity) 
VALUES (94, 94, 56, 1);
INSERT INTO OrderLine (LineID, OrderID, PhoneID, Quantity) 
VALUES (95, 95, 3, 7);
INSERT INTO OrderLine (LineID, OrderID, PhoneID, Quantity) 
VALUES (96, 96, 14, 4);
INSERT INTO OrderLine (LineID, OrderID, PhoneID, Quantity) 
VALUES (97, 97, 81, 9);
INSERT INTO OrderLine (LineID, OrderID, PhoneID, Quantity) 
VALUES (98, 98, 41, 5);
INSERT INTO OrderLine (LineID, OrderID, PhoneID, Quantity) 
VALUES (99, 99, 52, 6);
INSERT INTO OrderLine (LineID, OrderID, PhoneID, Quantity) 
VALUES (100, 100, 88, 13);