INSERT INTO Client (ClientID, Type, RegistrationDate) VALUES (1, N'Фізична особа', '2024-01-15');
INSERT INTO Client (ClientID, Type, RegistrationDate) VALUES (2, N'Юридична особа', '2024-02-20');
INSERT INTO Client (ClientID, Type, RegistrationDate) VALUES (3, N'Фізична особа', '2024-05-01');
INSERT INTO Client (ClientID, Type, RegistrationDate) VALUES (4, N'Фізична особа', '2023-04-10');
INSERT INTO Client (ClientID, Type, RegistrationDate) VALUES (5, N'Фізична особа', '2023-05-12');
INSERT INTO Client (ClientID, Type, RegistrationDate) VALUES (6, N'Фізична особа', '2023-06-15');
INSERT INTO Client (ClientID, Type, RegistrationDate) VALUES (7, N'Фізична особа', '2023-07-20');
INSERT INTO Client (ClientID, Type, RegistrationDate) VALUES (8, N'Фізична особа', '2023-08-22');
INSERT INTO Client (ClientID, Type, RegistrationDate) VALUES (9, N'Фізична особа', '2023-09-25');
INSERT INTO Client (ClientID, Type, RegistrationDate) VALUES (10, N'Фізична особа', '2023-10-30');
INSERT INTO Client (ClientID, Type, RegistrationDate) VALUES (11, N'Фізична особа', '2023-11-10');
INSERT INTO Client (ClientID, Type, RegistrationDate) VALUES (12, N'Фізична особа', '2023-12-01');
INSERT INTO Client (ClientID, Type, RegistrationDate) VALUES (13, N'Фізична особа', '2024-01-05');
INSERT INTO Client (ClientID, Type, RegistrationDate) VALUES (14, N'Фізична особа', '2024-01-20');
INSERT INTO Client (ClientID, Type, RegistrationDate) VALUES (15, N'Фізична особа', '2024-02-15');
INSERT INTO Client (ClientID, Type, RegistrationDate) VALUES (16, N'Фізична особа', '2024-02-28');
INSERT INTO Client (ClientID, Type, RegistrationDate) VALUES (17, N'Фізична особа', '2024-03-10');
INSERT INTO Client (ClientID, Type, RegistrationDate) VALUES (18, N'Фізична особа', '2024-03-22');
INSERT INTO Client (ClientID, Type, RegistrationDate) VALUES (19, N'Фізична особа', '2024-04-05');
INSERT INTO Client (ClientID, Type, RegistrationDate) VALUES (20, N'Фізична особа', '2024-04-18');
INSERT INTO Client (ClientID, Type, RegistrationDate) VALUES (21, N'Фізична особа', '2024-05-01');
INSERT INTO Client (ClientID, Type, RegistrationDate) VALUES (22, N'Фізична особа', '2024-05-14');
INSERT INTO Client (ClientID, Type, RegistrationDate) VALUES (23, N'Фізична особа', '2024-05-27');
INSERT INTO Client (ClientID, Type, RegistrationDate) VALUES (24, N'Фізична особа', '2024-06-05');
INSERT INTO Client (ClientID, Type, RegistrationDate) VALUES (25, N'Фізична особа', '2024-06-17');
INSERT INTO Client (ClientID, Type, RegistrationDate) VALUES (26, N'Фізична особа', '2024-06-30');
INSERT INTO Client (ClientID, Type, RegistrationDate) VALUES (27, N'Фізична особа', '2024-07-12');
INSERT INTO Client (ClientID, Type, RegistrationDate) VALUES (28, N'Фізична особа', '2024-07-25');
INSERT INTO Client (ClientID, Type, RegistrationDate) VALUES (29, N'Фізична особа', '2024-08-05');
INSERT INTO Client (ClientID, Type, RegistrationDate) VALUES (30, N'Фізична особа', '2024-08-18');
INSERT INTO Client (ClientID, Type, RegistrationDate) VALUES (31, N'Фізична особа', '2024-08-30');
INSERT INTO Client (ClientID, Type, RegistrationDate) VALUES (32, N'Фізична особа', '2024-09-10');
INSERT INTO Client (ClientID, Type, RegistrationDate) VALUES (33, N'Фізична особа', '2024-09-22');
INSERT INTO Client (ClientID, Type, RegistrationDate) VALUES (34, N'Фізична особа', '2024-10-05');
INSERT INTO Client (ClientID, Type, RegistrationDate) VALUES (35, N'Фізична особа', '2024-10-18');
INSERT INTO Client (ClientID, Type, RegistrationDate) VALUES (36, N'Фізична особа', '2024-10-30');
INSERT INTO Client (ClientID, Type, RegistrationDate) VALUES (37, N'Фізична особа', '2024-11-10');
INSERT INTO Client (ClientID, Type, RegistrationDate) VALUES (38, N'Фізична особа', '2024-11-22');
INSERT INTO Client (ClientID, Type, RegistrationDate) VALUES (39, N'Фізична особа', '2024-12-01');
INSERT INTO Client (ClientID, Type, RegistrationDate) VALUES (40, N'Фізична особа', '2024-12-15');
INSERT INTO Client (ClientID, Type, RegistrationDate) VALUES (41, N'Фізична особа', '2024-12-27');
INSERT INTO Client (ClientID, Type, RegistrationDate) VALUES (42, N'Фізична особа', '2025-01-05');
INSERT INTO Client (ClientID, Type, RegistrationDate) VALUES (43, N'Фізична особа', '2025-01-20');
INSERT INTO Client (ClientID, Type, RegistrationDate) VALUES (44, N'Фізична особа', '2025-02-05');
INSERT INTO Client (ClientID, Type, RegistrationDate) VALUES (45, N'Фізична особа', '2025-02-18');
INSERT INTO Client (ClientID, Type, RegistrationDate) VALUES (46, N'Фізична особа', '2025-03-01');
INSERT INTO Client (ClientID, Type, RegistrationDate) VALUES (47, N'Фізична особа', '2025-03-15');
INSERT INTO Client (ClientID, Type, RegistrationDate) VALUES (48, N'Фізична особа', '2025-03-28');
INSERT INTO Client (ClientID, Type, RegistrationDate) VALUES (49, N'Фізична особа', '2025-04-10');
INSERT INTO Client (ClientID, Type, RegistrationDate) VALUES (50, N'Фізична особа', '2025-04-22');
INSERT INTO Client (ClientID, Type, RegistrationDate) VALUES (51, N'Фізична особа', '2025-05-01');
INSERT INTO Client (ClientID, Type, RegistrationDate) VALUES (52, N'Фізична особа', '2025-05-14');
INSERT INTO Client (ClientID, Type, RegistrationDate) VALUES (53, N'Фізична особа', '2025-05-27');
INSERT INTO Client (ClientID, Type, RegistrationDate) VALUES (54, N'Фізична особа', '2025-06-05');
INSERT INTO Client (ClientID, Type, RegistrationDate) VALUES (55, N'Фізична особа', '2025-06-17');
INSERT INTO Client (ClientID, Type, RegistrationDate) VALUES (56, N'Фізична особа', '2025-06-30');
INSERT INTO Client (ClientID, Type, RegistrationDate) VALUES (57, N'Фізична особа', '2025-07-12');
INSERT INTO Client (ClientID, Type, RegistrationDate) VALUES (58, N'Фізична особа', '2025-07-25');
INSERT INTO Client (ClientID, Type, RegistrationDate) VALUES (59, N'Фізична особа', '2025-08-05');
INSERT INTO Client (ClientID, Type, RegistrationDate) VALUES (60, N'Фізична особа', '2025-08-18');
INSERT INTO Client (ClientID, Type, RegistrationDate) VALUES (61, N'Фізична особа', '2025-08-30');
INSERT INTO Client (ClientID, Type, RegistrationDate) VALUES (62, N'Фізична особа', '2025-09-10');
INSERT INTO Client (ClientID, Type, RegistrationDate) VALUES (63, N'Фізична особа', '2025-09-22');
INSERT INTO Client (ClientID, Type, RegistrationDate) VALUES (64, N'Фізична особа', '2025-10-05');
INSERT INTO Client (ClientID, Type, RegistrationDate) VALUES (65, N'Фізична особа', '2025-10-18');
INSERT INTO Client (ClientID, Type, RegistrationDate) VALUES (66, N'Фізична особа', '2025-10-30');
INSERT INTO Client (ClientID, Type, RegistrationDate) VALUES (67, N'Фізична особа', '2025-11-10');
INSERT INTO Client (ClientID, Type, RegistrationDate) VALUES (68, N'Фізична особа', '2025-11-22');
INSERT INTO Client (ClientID, Type, RegistrationDate) VALUES (69, N'Фізична особа', '2025-12-01');
INSERT INTO Client (ClientID, Type, RegistrationDate) VALUES (70, N'Фізична особа', '2025-12-15');
INSERT INTO Client (ClientID, Type, RegistrationDate) VALUES (71, N'Фізична особа', '2025-12-27');
INSERT INTO Client (ClientID, Type, RegistrationDate) VALUES (72, N'Фізична особа', '2024-01-05');
INSERT INTO Client (ClientID, Type, RegistrationDate) VALUES (73, N'Фізична особа', '2021-01-20');
INSERT INTO Client (ClientID, Type, RegistrationDate) VALUES (74, N'Фізична особа', '2019-02-05');
INSERT INTO Client (ClientID, Type, RegistrationDate) VALUES (75, N'Фізична особа', '2018-02-18');
INSERT INTO Client (ClientID, Type, RegistrationDate) VALUES (76, N'Фізична особа', '2016-03-01');
INSERT INTO Client (ClientID, Type, RegistrationDate) VALUES (77, N'Фізична особа', '2017-03-15');
INSERT INTO Client (ClientID, Type, RegistrationDate) VALUES (78, N'Фізична особа', '2019-03-28');
INSERT INTO Client (ClientID, Type, RegistrationDate) VALUES (79, N'Фізична особа', '2020-04-10');
INSERT INTO Client (ClientID, Type, RegistrationDate) VALUES (80, N'Фізична особа', '2021-04-22');
INSERT INTO Client (ClientID, Type, RegistrationDate) VALUES (81, N'Фізична особа', '2022-05-01');
INSERT INTO Client (ClientID, Type, RegistrationDate) VALUES (82, N'Фізична особа', '2023-05-14');
INSERT INTO Client (ClientID, Type, RegistrationDate) VALUES (83, N'Фізична особа', '2024-05-27');
INSERT INTO Client (ClientID, Type, RegistrationDate) VALUES (84, N'Фізична особа', '2026-06-05');
INSERT INTO Client (ClientID, Type, RegistrationDate) VALUES (85, N'Фізична особа', '2026-06-17');
INSERT INTO Client (ClientID, Type, RegistrationDate) VALUES (86, N'Фізична особа', '2026-06-30');
INSERT INTO Client (ClientID, Type, RegistrationDate) VALUES (87, N'Фізична особа', '2026-07-12');
INSERT INTO Client (ClientID, Type, RegistrationDate) VALUES (88, N'Фізична особа', '2026-07-25');
INSERT INTO Client (ClientID, Type, RegistrationDate) VALUES (89, N'Фізична особа', '2026-08-05');
INSERT INTO Client (ClientID, Type, RegistrationDate) VALUES (90, N'Фізична особа', '2026-08-18');
INSERT INTO Client (ClientID, Type, RegistrationDate) VALUES (91, N'Фізична особа', '2026-08-30');
INSERT INTO Client (ClientID, Type, RegistrationDate) VALUES (92, N'Фізична особа', '2026-09-10');
INSERT INTO Client (ClientID, Type, RegistrationDate) VALUES (93, N'Фізична особа', '2026-09-22');
INSERT INTO Client (ClientID, Type, RegistrationDate) VALUES (94, N'Фізична особа', '2026-10-05');
INSERT INTO Client (ClientID, Type, RegistrationDate) VALUES (95, N'Фізична особа', '2026-10-18');
INSERT INTO Client (ClientID, Type, RegistrationDate) VALUES (96, N'Фізична особа', '2026-10-30');
INSERT INTO Client (ClientID, Type, RegistrationDate) VALUES (97, N'Фізична особа', '2026-11-10');
INSERT INTO Client (ClientID, Type, RegistrationDate) VALUES (98, N'Фізична особа', '2026-11-22');
INSERT INTO Client (ClientID, Type, RegistrationDate) VALUES (99, N'Фізична особа', '2026-12-01');
INSERT INTO Client (ClientID, Type, RegistrationDate) VALUES (100, N'Фізична особа', '2026-12-15');
INSERT INTO Client (ClientID, Type, RegistrationDate) VALUES (101, N'Фізична особа', '2023-07-13');
INSERT INTO Client (ClientID, Type, RegistrationDate) VALUES (102, N'Юридична особа', '2023-01-01');
INSERT INTO Client (ClientID, Type, RegistrationDate) VALUES (103, N'Юридична особа', '2023-02-01');
INSERT INTO Client (ClientID, Type, RegistrationDate) VALUES (104, N'Юридична особа', '2023-03-01');
INSERT INTO Client (ClientID, Type, RegistrationDate) VALUES (105, N'Юридична особа', '2023-04-01');
INSERT INTO Client (ClientID, Type, RegistrationDate) VALUES (106, N'Юридична особа', '2023-05-01');
INSERT INTO Client (ClientID, Type, RegistrationDate) VALUES (107, N'Юридична особа', '2023-06-01');
INSERT INTO Client (ClientID, Type, RegistrationDate) VALUES (108, N'Юридична особа', '2023-07-01');
INSERT INTO Client (ClientID, Type, RegistrationDate) VALUES (109, N'Юридична особа', '2023-08-01');
INSERT INTO Client (ClientID, Type, RegistrationDate) VALUES (110, N'Юридична особа', '2023-09-01');
INSERT INTO Client (ClientID, Type, RegistrationDate) VALUES (111, N'Юридична особа', '2023-10-01');
INSERT INTO Client (ClientID, Type, RegistrationDate) VALUES (112, N'Юридична особа', '2023-11-01');
INSERT INTO Client (ClientID, Type, RegistrationDate) VALUES (113, N'Юридична особа', '2023-12-01');
INSERT INTO Client (ClientID, Type, RegistrationDate) VALUES (114, N'Юридична особа', '2024-01-01');
INSERT INTO Client (ClientID, Type, RegistrationDate) VALUES (115, N'Юридична особа', '2024-02-01');
INSERT INTO Client (ClientID, Type, RegistrationDate) VALUES (116, N'Юридична особа', '2024-03-01');
INSERT INTO Client (ClientID, Type, RegistrationDate) VALUES (117, N'Юридична особа', '2024-04-01');
INSERT INTO Client (ClientID, Type, RegistrationDate) VALUES (118, N'Юридична особа', '2024-05-01');
INSERT INTO Client (ClientID, Type, RegistrationDate) VALUES (119, N'Юридична особа', '2024-06-01');
INSERT INTO Client (ClientID, Type, RegistrationDate) VALUES (120, N'Юридична особа', '2024-07-01');
INSERT INTO Client (ClientID, Type, RegistrationDate) VALUES (121, N'Юридична особа', '2024-08-01');
INSERT INTO Client (ClientID, Type, RegistrationDate) VALUES (122, N'Юридична особа', '2023-09-20');
INSERT INTO Client (ClientID, Type, RegistrationDate) VALUES (123, N'Юридична особа', '2024-10-25');
INSERT INTO Client (ClientID, Type, RegistrationDate) VALUES (124, N'Юридична особа', '2025-11-30');
INSERT INTO Client (ClientID, Type, RegistrationDate) VALUES (125, N'Юридична особа', '2022-12-05');
INSERT INTO Client (ClientID, Type, RegistrationDate) VALUES (126, N'Юридична особа', '2021-01-10');
INSERT INTO Client (ClientID, Type, RegistrationDate) VALUES (127, N'Юридична особа', '2023-02-15');
INSERT INTO Client (ClientID, Type, RegistrationDate) VALUES (128, N'Юридична особа', '2024-03-20');
INSERT INTO Client (ClientID, Type, RegistrationDate) VALUES (129, N'Юридична особа', '2022-04-25');
INSERT INTO Client (ClientID, Type, RegistrationDate) VALUES (130, N'Юридична особа', '2022-05-30');
INSERT INTO Client (ClientID, Type, RegistrationDate) VALUES (131, N'Юридична особа', '2021-06-05');
INSERT INTO Client (ClientID, Type, RegistrationDate) VALUES (132, N'Юридична особа', '2023-07-10');
INSERT INTO Client (ClientID, Type, RegistrationDate) VALUES (133, N'Юридична особа', '2024-08-15');
INSERT INTO Client (ClientID, Type, RegistrationDate) VALUES (134, N'Юридична особа', '2021-09-20');
INSERT INTO Client (ClientID, Type, RegistrationDate) VALUES (135, N'Юридична особа', '2022-10-25');
INSERT INTO Client (ClientID, Type, RegistrationDate) VALUES (136, N'Юридична особа', '2021-11-30');
INSERT INTO Client (ClientID, Type, RegistrationDate) VALUES (137, N'Юридична особа', '2023-12-05');
INSERT INTO Client (ClientID, Type, RegistrationDate) VALUES (138, N'Юридична особа', '2024-01-10');
INSERT INTO Client (ClientID, Type, RegistrationDate) VALUES (139, N'Юридична особа', '2025-02-15');
INSERT INTO Client (ClientID, Type, RegistrationDate) VALUES (140, N'Юридична особа', '2022-03-20');
INSERT INTO Client (ClientID, Type, RegistrationDate) VALUES (141, N'Юридична особа', '2021-04-25');
INSERT INTO Client (ClientID, Type, RegistrationDate) VALUES (142, N'Юридична особа', '2023-05-30');
INSERT INTO Client (ClientID, Type, RegistrationDate) VALUES (143, N'Юридична особа', '2024-06-05');
INSERT INTO Client (ClientID, Type, RegistrationDate) VALUES (144, N'Юридична особа', '2020-07-10');
INSERT INTO Client (ClientID, Type, RegistrationDate) VALUES (145, N'Юридична особа', '2022-08-15');
INSERT INTO Client (ClientID, Type, RegistrationDate) VALUES (146, N'Юридична особа', '2021-09-20');
INSERT INTO Client (ClientID, Type, RegistrationDate) VALUES (147, N'Юридична особа', '2023-10-25');
INSERT INTO Client (ClientID, Type, RegistrationDate) VALUES (148, N'Юридична особа', '2024-11-30');
INSERT INTO Client (ClientID, Type, RegistrationDate) VALUES (149, N'Юридична особа', '2020-12-05');
INSERT INTO Client (ClientID, Type, RegistrationDate) VALUES (150, N'Юридична особа', '2022-01-10');
INSERT INTO Client (ClientID, Type, RegistrationDate) VALUES (151, N'Юридична особа', '2022-01-11');
INSERT INTO Client (ClientID, Type, RegistrationDate) VALUES (152, N'Юридична особа', '2022-01-12');
INSERT INTO Client (ClientID, Type, RegistrationDate) VALUES (153, N'Юридична особа', '2022-01-13');
INSERT INTO Client (ClientID, Type, RegistrationDate) VALUES (154, N'Юридична особа', '2022-01-14');
INSERT INTO Client (ClientID, Type, RegistrationDate) VALUES (155, N'Юридична особа', '2022-01-15');
INSERT INTO Client (ClientID, Type, RegistrationDate) VALUES (156, N'Юридична особа', '2022-01-16');
INSERT INTO Client (ClientID, Type, RegistrationDate) VALUES (157, N'Юридична особа', '2022-01-17');
INSERT INTO Client (ClientID, Type, RegistrationDate) VALUES (158, N'Юридична особа', '2022-01-18');
INSERT INTO Client (ClientID, Type, RegistrationDate) VALUES (159, N'Юридична особа', '2022-01-19');
INSERT INTO Client (ClientID, Type, RegistrationDate) VALUES (160, N'Юридична особа', '2022-01-20');
INSERT INTO Client (ClientID, Type, RegistrationDate) VALUES (161, N'Юридична особа', '2022-01-21');
INSERT INTO Client (ClientID, Type, RegistrationDate) VALUES (162, N'Юридична особа', '2022-01-22');
INSERT INTO Client (ClientID, Type, RegistrationDate) VALUES (163, N'Юридична особа', '2022-01-23');
INSERT INTO Client (ClientID, Type, RegistrationDate) VALUES (164, N'Юридична особа', '2022-01-24');
INSERT INTO Client (ClientID, Type, RegistrationDate) VALUES (165, N'Юридична особа', '2022-01-25');
INSERT INTO Client (ClientID, Type, RegistrationDate) VALUES (166, N'Юридична особа', '2022-01-26');
INSERT INTO Client (ClientID, Type, RegistrationDate) VALUES (167, N'Юридична особа', '2022-01-27');
INSERT INTO Client (ClientID, Type, RegistrationDate) VALUES (168, N'Юридична особа', '2022-01-28');
INSERT INTO Client (ClientID, Type, RegistrationDate) VALUES (169, N'Юридична особа', '2022-01-29');
INSERT INTO Client (ClientID, Type, RegistrationDate) VALUES (170, N'Юридична особа', '2022-01-30');
INSERT INTO Client (ClientID, Type, RegistrationDate) VALUES (171, N'Юридична особа', '2022-01-31');
INSERT INTO Client (ClientID, Type, RegistrationDate) VALUES (172, N'Юридична особа', '2022-02-01');
INSERT INTO Client (ClientID, Type, RegistrationDate) VALUES (173, N'Юридична особа', '2022-02-02');
INSERT INTO Client (ClientID, Type, RegistrationDate) VALUES (174, N'Юридична особа', '2022-02-03');
INSERT INTO Client (ClientID, Type, RegistrationDate) VALUES (175, N'Юридична особа', '2022-02-04');
INSERT INTO Client (ClientID, Type, RegistrationDate) VALUES (176, N'Юридична особа', '2022-02-05');
INSERT INTO Client (ClientID, Type, RegistrationDate) VALUES (177, N'Юридична особа', '2022-02-06');
INSERT INTO Client (ClientID, Type, RegistrationDate) VALUES (178, N'Юридична особа', '2022-02-07');
INSERT INTO Client (ClientID, Type, RegistrationDate) VALUES (179, N'Юридична особа', '2022-02-08');
INSERT INTO Client (ClientID, Type, RegistrationDate) VALUES (180, N'Юридична особа', '2022-02-09');
INSERT INTO Client (ClientID, Type, RegistrationDate) VALUES (181, N'Юридична особа', '2022-02-10');
INSERT INTO Client (ClientID, Type, RegistrationDate) VALUES (182, N'Юридична особа', '2022-02-11');
INSERT INTO Client (ClientID, Type, RegistrationDate) VALUES (183, N'Юридична особа', '2022-02-12');
INSERT INTO Client (ClientID, Type, RegistrationDate) VALUES (184, N'Юридична особа', '2022-02-13');
INSERT INTO Client (ClientID, Type, RegistrationDate) VALUES (185, N'Юридична особа', '2022-02-14');
INSERT INTO Client (ClientID, Type, RegistrationDate) VALUES (186, N'Юридична особа', '2022-02-15');
INSERT INTO Client (ClientID, Type, RegistrationDate) VALUES (187, N'Юридична особа', '2022-02-16');
INSERT INTO Client (ClientID, Type, RegistrationDate) VALUES (188, N'Юридична особа', '2022-02-17');
INSERT INTO Client (ClientID, Type, RegistrationDate) VALUES (189, N'Юридична особа', '2022-02-18');
INSERT INTO Client (ClientID, Type, RegistrationDate) VALUES (190, N'Юридична особа', '2022-02-19');
INSERT INTO Client (ClientID, Type, RegistrationDate) VALUES (191, N'Юридична особа', '2022-02-20');
INSERT INTO Client (ClientID, Type, RegistrationDate) VALUES (192, N'Юридична особа', '2022-02-21');
INSERT INTO Client (ClientID, Type, RegistrationDate) VALUES (193, N'Юридична особа', '2022-02-22');
INSERT INTO Client (ClientID, Type, RegistrationDate) VALUES (194, N'Юридична особа', '2022-02-23');
INSERT INTO Client (ClientID, Type, RegistrationDate) VALUES (195, N'Юридична особа', '2022-02-24');
INSERT INTO Client (ClientID, Type, RegistrationDate) VALUES (196, N'Юридична особа', '2022-02-25');
INSERT INTO Client (ClientID, Type, RegistrationDate) VALUES (197, N'Юридична особа', '2022-02-26');
INSERT INTO Client (ClientID, Type, RegistrationDate) VALUES (198, N'Юридична особа', '2022-02-27');
INSERT INTO Client (ClientID, Type, RegistrationDate) VALUES (199, N'Юридична особа', '2022-02-28');
INSERT INTO Client (ClientID, Type, RegistrationDate) VALUES (200, N'Юридична особа', '2022-03-01');
INSERT INTO Client (ClientID, Type, RegistrationDate) VALUES (201, N'Юридична особа', '2022-03-02');

INSERT INTO Individual (ClientID, FullName, Address, PhoneNumber, Email)  
VALUES (1, N'Іваненко Іван Іванович', N'Київ, вул. Хрещатик, 10', 380501234567, 'ivanenko@example.com'); 
INSERT INTO Individual (ClientID, FullName, Address, PhoneNumber, Email) 
VALUES (3, N'Петренко Олег Васильович', N'Одеса, вул. Дерибасівська, 15', 380671094537, 'petrenko@example.com');
INSERT INTO Individual (ClientID, FullName, Address, PhoneNumber, Email)
VALUES (4, N'Коваленко Андрій Миколайович', N'Харків, вул. Сумська, 20', 380662223344, 'kovalenko@example.com');
INSERT INTO Individual (ClientID, FullName, Address, PhoneNumber, Email) 
VALUES (5, N'Григоренко Марина Олегівна', N'Дніпро, пр. Дмитра Яворницького, 50', 380501112233, 'hryhorenko@example.com');
INSERT INTO Individual (ClientID, FullName, Address, PhoneNumber, Email) 
VALUES (6, N'Ткачук Олег Вікторович', N'Запоріжжя, вул. Незалежності, 8', 380632345678, 'tkachuk@example.com');
INSERT INTO Individual (ClientID, FullName, Address, PhoneNumber, Email) 
VALUES (7, N'Лисенко Ольга Сергіївна', N'Вінниця, вул. Соборна, 30', 380502223344, 'lysenko@example.com');
INSERT INTO Individual (ClientID, FullName, Address, PhoneNumber, Email) 
VALUES (8, N'Mельник Наталія Володимирівна', N'Полтава, вул. Шевченка, 12', 380931234569, 'melnyk@example.com');
INSERT INTO Individual (ClientID, FullName, Address, PhoneNumber, Email) 
VALUES (9, N'Романюк Дмитро Іванович', N'Чернігів, вул. Миру, 25', 380673456789, 'romaniuk@example.com');
INSERT INTO Individual (ClientID, FullName, Address, PhoneNumber, Email) 
VALUES (10, N'Федорчук Анна Василівна', N'Черкаси, бул. Шевченка, 70', 380931112244, 'fedorchuk@example.com');
INSERT INTO Individual (ClientID, FullName, Address, PhoneNumber, Email) 
VALUES (11, N'Кравченко Віктор Михайлович', N'Житомир, вул. Перемоги, 5', 380671223344, 'kravchenko@example.com');
INSERT INTO Individual (ClientID, FullName, Address, PhoneNumber, Email) 
VALUES (12, N'Онищенко Дарина Сергіївна', N'Суми, вул. Харківська, 17', 380931112255, 'onyshchenko@example.com');
INSERT INTO Individual (ClientID, FullName, Address, PhoneNumber, Email) 
VALUES (13, N'Бондаренко Артем Павлович', N'Кропивницький, вул. Велика Перспективна, 30', 380502334455, 'bondarenko@example.com');
INSERT INTO Individual (ClientID, FullName, Address, PhoneNumber, Email) 
VALUES (14, N'Шевченко Юлія Анатоліївна', N'Миколаїв, пр. Центральний, 90', 380661122334, 'shevchenko@example.com');
INSERT INTO Individual (ClientID, FullName, Address, PhoneNumber, Email) 
VALUES (15, N'Дмитренко Іван Степанович', N'Ужгород, вул. Корзо, 22', 380993334455, 'dmytrenko@example.com');
INSERT INTO Individual (ClientID, FullName, Address, PhoneNumber, Email)  
VALUES (16, N'Семенюк Вадим Олександрович', N'Луцьк, вул. Лесі Українки, 15', 380992223344, 'semenyuk16@example.com');
INSERT INTO Individual (ClientID, FullName, Address, PhoneNumber, Email) 
VALUES (17, N'Зінченко Оксана Петрівна', N'Тернопіль, вул. Руська, 8', 380972334455, 'zinchenko17@example.com');
INSERT INTO Individual (ClientID, FullName, Address, PhoneNumber, Email) 
VALUES (18, N'Мазур Олег Григорович', N'Чернівці, вул. Головна, 40', 380993456789, 'mazur18@example.com');
INSERT INTO Individual (ClientID, FullName, Address, PhoneNumber, Email) 
VALUES (19, N'Рябченко Світлана Ігорівна', N'Івано-Франківськ, вул. Незалежності, 100', 380993445566, 'ryabchenko19@example.com');
INSERT INTO Individual (ClientID, FullName, Address, PhoneNumber, Email) 
VALUES (20, N'Тимошенко Катерина Василівна', N'Херсон, вул. Потьомкінська, 12', 380973556677, 'tymoshenko20@example.com');
INSERT INTO Individual (ClientID, FullName, Address, PhoneNumber, Email) 
VALUES (21, N'Корнієнко Андрій Євгенович', N'Кременчук, вул. Перемоги, 45', 380974445566, 'kornienko21@example.com');
INSERT INTO Individual (ClientID, FullName, Address, PhoneNumber, Email) 
VALUES (22, N'Мельничук Дмитро Володимирович', N'Біла Церква, вул. Ярослава Мудрого, 33', 380964334455, 'melnychuk22@example.com');
INSERT INTO Individual (ClientID, FullName, Address, PhoneNumber, Email) 
VALUES (23, N'Павленко Ольга Дмитрівна', N'Бровари, вул. Гагаріна, 27', 380954223344, 'pavlenko23@example.com');
INSERT INTO Individual (ClientID, FullName, Address, PhoneNumber, Email) 
VALUES (24, N'Гаврилюк Олексій Сергійович', N'Мукачево, вул. Ілони Зріні, 55', 380944112233, 'havryliuk24@example.com');
INSERT INTO Individual (ClientID, FullName, Address, PhoneNumber, Email) 
VALUES (25, N'Даниленко Марія Вікторівна', N'Кам’янець-Подільський, вул. Соборна, 99', 380934556677, 'danylenko25@example.com');
INSERT INTO Individual (ClientID, FullName, Address, PhoneNumber, Email) 
VALUES (26, N'Коломієць Володимир Олексійович', N'Олександрія, вул. Декабристів, 5', 380924667788, 'kolomiiets26@example.com');
INSERT INTO Individual (ClientID, FullName, Address, PhoneNumber, Email) 
VALUES (27, N'Захаренко Наталія Петрівна', N'Бердянськ, вул. Приморська, 3', 380914556677, 'zakharenko27@example.com');
INSERT INTO Individual (ClientID, FullName, Address, PhoneNumber, Email) 
VALUES (28, N'Мироненко Єгор Олегович', N'Ковель, вул. Брестська, 7', 380904445566, 'myronenko28@example.com');
INSERT INTO Individual (ClientID, FullName, Address, PhoneNumber, Email) 
VALUES (29, N'Савченко Максим Артемович', N'Червоноград, вул. Січових Стрільців, 88', 380894334455, 'savchenko29@example.com');
INSERT INTO Individual (ClientID, FullName, Address, PhoneNumber, Email) 
VALUES (30, N'Бойко Анастасія Олександрівна', N'Шостка, вул. Свободи, 21', 380884223344, 'boiko30@example.com');
INSERT INTO Individual (ClientID, FullName, Address, PhoneNumber, Email) 
VALUES (31, N'Коваль Андрій Сергійович', N'Полтава, вул. Європейська, 10', 380501234578, 'koval31@example.com');
INSERT INTO Individual (ClientID, FullName, Address, PhoneNumber, Email) 
VALUES (32, N'Романенко Ольга Василівна', N'Вінниця, вул. Київська, 45', 380672223344, 'romanenko32@example.com');
INSERT INTO Individual (ClientID, FullName, Address, PhoneNumber, Email) 
VALUES (33, N'Литвин Віталій Ігорович', N'Рівне, вул. Соборна, 12', 380931556677, 'lytvyn33@example.com');
INSERT INTO Individual (ClientID, FullName, Address, PhoneNumber, Email) 
VALUES (34, N'Гриценко Світлана Дмитрівна', N'Чернігів, вул. Шевченка, 78', 380662334455, 'hrytsenko34@example.com');
INSERT INTO Individual (ClientID, FullName, Address, PhoneNumber, Email) 
VALUES (35, N'Мороз Артем Олександрович', N'Кривий Ріг, вул. Металургів, 35', 380992556677, 'moroz35@example.com');
INSERT INTO Individual (ClientID, FullName, Address, PhoneNumber, Email) 
VALUES (36, N'Сидоренко Катерина Павлівна', N'Мелітополь, вул. Гетьманська, 25', 380973334455, 'syderenko36@example.com');
INSERT INTO Individual (ClientID, FullName, Address, PhoneNumber, Email) 
VALUES (37, N'Ткаченко Вадим Васильович', N'Сєвєродонецьк, пр. Центральний, 55', 380993112244, 'tkachenko37@example.com');
INSERT INTO Individual (ClientID, FullName, Address, PhoneNumber, Email) 
VALUES (38, N'Петренко Юлія Володимирівна', N'Краматорськ, вул. Паркова, 9', 380973556688, 'petrenko38@example.com');
INSERT INTO Individual (ClientID, FullName, Address, PhoneNumber, Email) 
VALUES (39, N'Бондаренко Володимир Петрович', N'Буча, вул. Лісова, 33', 380992223311, 'bondarenko39@example.com');
INSERT INTO Individual (ClientID, FullName, Address, PhoneNumber, Email) 
VALUES (40, N'Козак Марина Іванівна', N'Фастів, вул. Героїв Небесної Сотні, 19', 380991556677, 'kozak40@example.com');
INSERT INTO Individual (ClientID, FullName, Address, PhoneNumber, Email) 
VALUES (41, N'Олійник Андрій Григорович', N'Бориспіль, вул. Київський Шлях, 66', 380982334455, 'andriy.oliynyk41@example.com');
INSERT INTO Individual (ClientID, FullName, Address, PhoneNumber, Email) 
VALUES (42, N'Кириленко Наталія Олегівна', N'Конотоп, вул. Батуринська, 10', 380971112233, 'nataliya.kyrylenko42@example.com');
INSERT INTO Individual (ClientID, FullName, Address, PhoneNumber, Email) 
VALUES (43, N'Мельник Максим Сергійович', N'Канів, вул. Дніпровська, 48', 380963556677, 'maksym.melnyk43@example.com');
INSERT INTO Individual (ClientID, FullName, Address, PhoneNumber, Email) 
VALUES (44, N'Демченко Вікторія Іванівна', N'Прилуки, вул. Вокзальна, 22', 380992223344, 'viktoriya.demchenko44@example.com');
INSERT INTO Individual (ClientID, FullName, Address, PhoneNumber, Email) 
VALUES (45, N'Яковенко Денис Володимирович', N'Шепетівка, вул. Героїв Майдану, 15', 380973334455, 'denys.yakovenko45@example.com');
INSERT INTO Individual (ClientID, FullName, Address, PhoneNumber, Email) 
VALUES (46, N'Поліщук Ірина Анатоліївна', N'Коростень, вул. Франка, 8', 380972556677, 'iryna.polischuk46@example.com');
INSERT INTO Individual (ClientID, FullName, Address, PhoneNumber, Email) 
VALUES (47, N'Степаненко Артем Вікторович', N'Новоград-Волинський, вул. Соборності, 40', 380994334455, 'artem.stepanenko47@example.com');
INSERT INTO Individual (ClientID, FullName, Address, PhoneNumber, Email) 
VALUES (48, N'Мазуренко Олег Євгенович', N'Дубно, вул. Замкова, 100', 380993445566, 'oleg.mazurenko48@example.com');
INSERT INTO Individual (ClientID, FullName, Address, PhoneNumber, Email) 
VALUES (49, N'Захарченко Світлана Петрівна', N'Золотоноша, вул. Шевченка, 12', 380983556677, 'svitlana.zakharchenko49@example.com');
INSERT INTO Individual (ClientID, FullName, Address, PhoneNumber, Email) 
VALUES (50, N'Лисенко Олександр Дмитрович', N'Сміла, вул. Незалежності, 45', 380974445566, 'oleksandr.lysenko50@example.com');
INSERT INTO Individual (ClientID, FullName, Address, PhoneNumber, Email) 
VALUES (51, N'Кузьменко Ольга Вікторівна', N'Калуш, вул. Стуса, 33', 380964334455, 'olga.kuzmenko51@example.com');
INSERT INTO Individual (ClientID, FullName, Address, PhoneNumber, Email) 
VALUES (52, N'Тищенко Віталій Петрович', N'Бережани, вул. Грушевського, 27', 380954223344, 'vitaliy.tyshchenko52@example.com');
INSERT INTO Individual (ClientID, FullName, Address, PhoneNumber, Email) 
VALUES (53, N'Дорошенко Наталія Ігорівна', N'Коломия, вул. Мазепи, 55', 380944112233, 'natalia.doroshenko53@example.com');
INSERT INTO Individual (ClientID, FullName, Address, PhoneNumber, Email) 
VALUES (54, N'Семенюк Андрій Олексійович', N'Бахмут, вул. Леніна, 99', 380934556677, 'andriy.semenyuk54@example.com');
INSERT INTO Individual (ClientID, FullName, Address, PhoneNumber, Email) 
VALUES (55, N'Гаврилюк Тетяна Володимирівна', N'Костянтинівка, вул. Центральна, 5', 380924667788, 'tetyana.gavrylyuk55@example.com');
INSERT INTO Individual (ClientID, FullName, Address, PhoneNumber, Email) 
VALUES (56, N'Данилюк Володимир Іванович', N'Покровськ, вул. Першотравнева, 3', 380914556677, 'volodymyr.danylyuk56@example.com');
INSERT INTO Individual (ClientID, FullName, Address, PhoneNumber, Email) 
VALUES (57, N'Миронюк Марія Сергіївна', N'Ізмаїл, вул. Дунайська, 7', 380904445566, 'maria.myronyuk57@example.com');
INSERT INTO Individual (ClientID, FullName, Address, PhoneNumber, Email) 
VALUES (58, N'Бойко Євгенія Артемівна', N'Чортків, вул. Богдана Хмельницького, 88', 380894334455, 'yevheniya.boyko58@example.com');
INSERT INTO Individual (ClientID, FullName, Address, PhoneNumber, Email) 
VALUES (59, N'Савченко Олексій Володимирович', N'Ладижин, вул. Промислова, 21', 380884223344, 'oleksiy.savchenko59@example.com');
INSERT INTO Individual (ClientID, FullName, Address, PhoneNumber, Email) 
VALUES (60, N'Петренко Оксана Василівна', N'Трускавець, вул. Дрогобицька, 10', 380873112233, 'oksana.petrenko60@example.com');
INSERT INTO Individual (ClientID, FullName, Address, PhoneNumber, Email) 
VALUES (61, N'Терещенко Максим Олегович', N'Умань, вул. Шевченка, 5', 380872334455, 'maksym.tereshchenko61@example.com');
INSERT INTO Individual (ClientID, FullName, Address, PhoneNumber, Email) 
VALUES (62, N'Ковальчук Дмитро Анатолійович', N'Вознесенськ, вул. Київська, 14', 380862223344, 'dmytro.kovalchuk62@example.com');
INSERT INTO Individual (ClientID, FullName, Address, PhoneNumber, Email) 
VALUES (63, N'Рибалко Олена Сергіївна', N'Первомайськ, вул. Центральна, 8', 380852556677, 'olena.rybalko63@example.com');
INSERT INTO Individual (ClientID, FullName, Address, PhoneNumber, Email) 
VALUES (64, N'Зінченко Володимир Павлович', N'Славутич, вул. Дружби, 10', 380841112233, 'volodymyr.zinchenko64@example.com');
INSERT INTO Individual (ClientID, FullName, Address, PhoneNumber, Email) 
VALUES (65, N'Павленко Артем Юрійович', N'Жовті Води, вул. Садова, 19', 380831556677, 'artem.pavlenko65@example.com');
INSERT INTO Individual (ClientID, FullName, Address, PhoneNumber, Email) 
VALUES (66, N'Корнієнко Світлана Олександрівна', N'Лозова, вул. Вокзальна, 23', 380821334455, 'svitlana.korniyenko66@example.com');
INSERT INTO Individual (ClientID, FullName, Address, PhoneNumber, Email) 
VALUES (67, N'Федоренко Марина Олегівна', N'Чугуїв, вул. Харківська, 6', 380811556677, 'marina.fedorenko67@example.com');
INSERT INTO Individual (ClientID, FullName, Address, PhoneNumber, Email) 
VALUES (68, N'Шевченко Григорій Іванович', N'Васильків, вул. Незалежності, 11', 380801223344, 'hryhoriy.shevchenko68@example.com');
INSERT INTO Individual (ClientID, FullName, Address, PhoneNumber, Email) 
VALUES (69, N'Опанасенко Катерина Василівна', N'Каховка, вул. Перемоги, 45', 380791112233, 'kateryna.opanasenko69@example.com');
INSERT INTO Individual (ClientID, FullName, Address, PhoneNumber, Email) 
VALUES (70, N'Гончарук Віктор Сергійович', N'Нікополь, вул. Енергетиків, 7', 380781334455, 'viktor.goncharuk70@example.com');
INSERT INTO Individual (ClientID, FullName, Address, PhoneNumber, Email) 
VALUES (71, N'Дудник Олексій Миколайович', N'Шостка, вул. Паркова, 16', 380771556677, 'oleksiy.dudnyk71@example.com');
INSERT INTO Individual (ClientID, FullName, Address, PhoneNumber, Email) 
VALUES (72, N'Савицька Тетяна Ігорівна', N'Ірпінь, вул. Лісова, 9', 380761112233, 'tetyana.savytska72@example.com');
INSERT INTO Individual (ClientID, FullName, Address, PhoneNumber, Email) 
VALUES (73, N'Гаврилюк Андрій Павлович', N'Феодосія, вул. Героїв, 27', 380751334455, 'andriy.havrylyuk73@example.com');
INSERT INTO Individual (ClientID, FullName, Address, PhoneNumber, Email) 
VALUES (74, N'Семенова Дарина Володимирівна', N'Южне, вул. Море, 13', 380741223344, 'daryna.semenova74@example.com');
INSERT INTO Individual (ClientID, FullName, Address, PhoneNumber, Email) 
VALUES (75, N'Коваленко Василь Григорович', N'Мирноград, вул. Центральна, 21', 380731556677, 'vasyl.kovalenko75@example.com');
INSERT INTO Individual (ClientID, FullName, Address, PhoneNumber, Email) 
VALUES (76, N'Тимошенко Оксана Петрівна', N'Дружківка, вул. Весела, 30', 380721334455, 'oksana.tymoshenko76@example.com');
INSERT INTO Individual (ClientID, FullName, Address, PhoneNumber, Email) 
VALUES (77, N'Мартиненко Іван Олександрович', N'Снігурівка, вул. Молодіжна, 5', 380711223344, 'ivan.martyneko77@example.com');
INSERT INTO Individual (ClientID, FullName, Address, PhoneNumber, Email) 
VALUES (78, N'Юрченко Світлана Віталіївна', N'Мостиська, вул. Головна, 12', 380701556677, 'svitlana.yurchenko78@example.com');
INSERT INTO Individual (ClientID, FullName, Address, PhoneNumber, Email) 
VALUES (79, N'Шаповал Олег Володимирович', N'Кілія, вул. Дунайська, 10', 380691112233, 'oleg.shapoval79@example.com');
INSERT INTO Individual (ClientID, FullName, Address, PhoneNumber, Email) 
VALUES (80, N'Лисенко Марина Сергіївна', N'Знам’янка, вул. Черкаська, 28', 380681334455, 'marina.lysenko80@example.com');
INSERT INTO Individual (ClientID, FullName, Address, PhoneNumber, Email) 
VALUES (81, N'Романюк Ігор Вікторович', N'Рахів, вул. Гірська, 9', 380671556677, 'ihor.romanyuk81@example.com');
INSERT INTO Individual (ClientID, FullName, Address, PhoneNumber, Email) 
VALUES (82, N'Зубко Олена Михайлівна', N'Бердичів, вул. Свободи, 11', 380661223344, 'olena.zubko82@example.com');
INSERT INTO Individual (ClientID, FullName, Address, PhoneNumber, Email) 
VALUES (83, N'Гордієнко Артем Дмитрович', N'Свалява, вул. Карпатська, 7', 380651112233, 'artem.hordiienko83@example.com');
INSERT INTO Individual (ClientID, FullName, Address, PhoneNumber, Email) 
VALUES (84, N'Гриценко Віталій Олександрович', N'Глухів, вул. Незалежності, 22', 380641334455, 'vitaliy.hrytsenko84@example.com');
INSERT INTO Individual (ClientID, FullName, Address, PhoneNumber, Email) 
VALUES (85, N'Білоус Ірина Олегівна', N'Пустомити, вул. Лесі Українки, 5', 380631223344, 'iryna.bilous85@example.com');
INSERT INTO Individual (ClientID, FullName, Address, PhoneNumber, Email) 
VALUES (86, N'Коваль Олександр Юрійович', N'Борщів, вул. Замкова, 16', 380621556677, 'oleksandr.koval86@example.com');
INSERT INTO Individual (ClientID, FullName, Address, PhoneNumber, Email) 
VALUES (87, N'Лавренюк Дмитро Васильович', N'Сколе, вул. Франка, 4', 380611112233, 'dmytro.lavrenyuk87@example.com');
INSERT INTO Individual (ClientID, FullName, Address, PhoneNumber, Email) 
VALUES (88, N'Петрук Наталія Андріївна', N'Тячів, вул. Дружби, 19', 380601334455, 'nataliya.petruk88@example.com');
INSERT INTO Individual (ClientID, FullName, Address, PhoneNumber, Email) 
VALUES (89, N'Щербак Олексій Сергійович', N'Косів, вул. Верховинська, 10', 380591556677, 'oleksiy.shcherbak89@example.com');
INSERT INTO Individual (ClientID, FullName, Address, PhoneNumber, Email) 
VALUES (90, N'Руденко Василь Григорович', N'Бучач, вул. Дністровська, 11', 380581223344, 'vasyl.rudenko90@example.com');
INSERT INTO Individual (ClientID, FullName, Address, PhoneNumber, Email) 
VALUES (91, N'Савчук Володимир Іванович', N'Гадяч, вул. Полтавська, 14', 380571112233, 'volodymyr.savchuk91@example.com');
INSERT INTO Individual (ClientID, FullName, Address, PhoneNumber, Email) 
VALUES (92, N'Тарасенко Артем Павлович', N'Снятин, вул. Грушевського, 15', 380561334455, 'artem.tarasenko92@example.com');
INSERT INTO Individual (ClientID, FullName, Address, PhoneNumber, Email) 
VALUES (93, N'Пономаренко Світлана Віталіївна', N'Рені, вул. Одеська, 12', 380551223344, 'svitlana.ponomarenko93@example.com');
INSERT INTO Individual (ClientID, FullName, Address, PhoneNumber, Email) 
VALUES (94, N'Дорошенко Ольга Володимирівна', N'Вилкове, вул. Лісова, 7', 380541556677, 'olha.doroshenko94@example.com');
INSERT INTO Individual (ClientID, FullName, Address, PhoneNumber, Email) 
VALUES (95, N'Курило Оксана Сергіївна', N'Кам’янець-Подільський, вул. Франка, 20', 380531112233, 'oksana.kurylo95@example.com');
INSERT INTO Individual (ClientID, FullName, Address, PhoneNumber, Email) 
VALUES (96, N'Бондаренко Сергій Олександрович', N'Кривий Ріг, вул. Металургів, 18', 380521334455, 'serhiy.bondarenko96@example.com');
INSERT INTO Individual (ClientID, FullName, Address, PhoneNumber, Email) 
VALUES (97, N'Мельник Анна Віталіївна', N'Мукачево, вул. Замкова, 22', 380511556677, 'anna.melnyk97@example.com');
INSERT INTO Individual (ClientID, FullName, Address, PhoneNumber, Email) 
VALUES (98, N'Данилюк Віктор Ігорович', N'Біла Церква, вул. Шевченка, 8', 380501223344, 'viktor.danyliuk98@example.com');
INSERT INTO Individual (ClientID, FullName, Address, PhoneNumber, Email) 
VALUES (99, N'Кравчук Ірина Сергіївна', N'Тернопіль, вул. Руська, 15', 380491112233, 'iryna.kravchuk99@example.com');
INSERT INTO Individual (ClientID, FullName, Address, PhoneNumber, Email) 
VALUES (100, N'Олійник Павло Григорович', N'Житомир, вул. Перемоги, 30', 380481334455, 'pavlo.oliynyk100@example.com');
INSERT INTO Individual (ClientID, FullName, Address, PhoneNumber, Email) 
VALUES (101, N'Сидоренко Андрій Миколайович', N'Черкаси, вул. Дніпровська, 12', 380471556677, 'andriy.sydorenko101@example.com');


INSERT INTO LegalEntity (ClientID, CompanyName, PhoneNumber, Address, TaxID, Email) 
VALUES (2, N'ТОВ "МобілТех"', 380444567890, N'Львів, вул. Замкова, 12', 1234567890, 'info@mobiltech.com');
INSERT INTO LegalEntity (ClientID, CompanyName, PhoneNumber, Address, TaxID, Email) 
VALUES (102, N'ТОВ "ТехноТрейд"', 380444567102, N'Київ, вул. Хрещатик, 10', 1234567102, 'info@technotrade.com');
INSERT INTO LegalEntity (ClientID, CompanyName, PhoneNumber, Address, TaxID, Email) 
VALUES (103, N'ТОВ "ГаджетПоставка"', 380444567103, N'Львів, вул. Галицька, 22', 1234567103, 'info@gadgetpostavka.com');
INSERT INTO LegalEntity (ClientID, CompanyName, PhoneNumber, Address, TaxID, Email) 
VALUES (104, N'ТОВ "Корпорація СмартТех"', 380444567104, N'Одеса, вул. Дерибасівська, 15', 1234567104, 'info@smarttech.com');
INSERT INTO LegalEntity (ClientID, CompanyName, PhoneNumber, Address, TaxID, Email) 
VALUES (105, N'ТОВ "БізнесМобайл"', 380444567105, N'Дніпро, просп. Гагаріна, 5', 1234567105, 'info@biznesmobile.com');
INSERT INTO LegalEntity (ClientID, CompanyName, PhoneNumber, Address, TaxID, Email) 
VALUES (106, N'ТОВ "Цифрові Рішення"', 380444567106, N'Харків, вул. Сумська, 7', 1234567106, 'info@digitalres.com');
INSERT INTO LegalEntity (ClientID, CompanyName, PhoneNumber, Address, TaxID, Email) 
VALUES (107, N'ТОВ "СмартЛогістика"', 380444567107, N'Запоріжжя, вул. Центральна, 18', 1234567107, 'info@smartlogistics.com');
INSERT INTO LegalEntity (ClientID, CompanyName, PhoneNumber, Address, TaxID, Email) 
VALUES (108, N'ТОВ "ГлобалМобайл"', 380444567108, N'Київ, вул. Володимирська, 31', 1234567108, 'info@globalmobile.com');
INSERT INTO LegalEntity (ClientID, CompanyName, PhoneNumber, Address, TaxID, Email) 
VALUES (109, N'ТОВ "ОптМобайл"', 380444567109, N'Львів, просп. Свободи, 1', 1234567109, 'info@optmobile.com');
INSERT INTO LegalEntity (ClientID, CompanyName, PhoneNumber, Address, TaxID, Email) 
VALUES (110, N'ТОВ "ФонГруп"', 380444567110, N'Одеса, вул. Аркадія, 4', 1234567110, 'info@phongroup.com');
INSERT INTO LegalEntity (ClientID, CompanyName, PhoneNumber, Address, TaxID, Email) 
VALUES (111, N'ТОВ "БізнесЗв’язок"', 380444567111, N'Дніпро, вул. Короленка, 12', 1234567111, 'info@bizneszvyazok.com');
INSERT INTO LegalEntity (ClientID, CompanyName, PhoneNumber, Address, TaxID, Email) 
VALUES (112, N'ТОВ "ГаджетОпт"', 380444567112, N'Харків, просп. Науки, 27', 1234567112, 'info@gadgetopt.com');
INSERT INTO LegalEntity (ClientID, CompanyName, PhoneNumber, Address, TaxID, Email) 
VALUES (113, N'ТОВ "МобайлКорп"', 380444567113, N'Запоріжжя, вул. Соборна, 9', 1234567113, 'info@mobilecorp.com');
INSERT INTO LegalEntity (ClientID, CompanyName, PhoneNumber, Address, TaxID, Email) 
VALUES (114, N'ТОВ "ТопМобайлПоставка"', 380444567114, N'Київ, вул. Антоновича, 44', 1234567114, 'info@topmobile.com');
INSERT INTO LegalEntity (ClientID, CompanyName, PhoneNumber, Address, TaxID, Email) 
VALUES (115, N'ТОВ "СмартОпт"', 380444567115, N'Львів, вул. Личаківська, 37', 1234567115, 'info@smartopt.com');
INSERT INTO LegalEntity (ClientID, CompanyName, PhoneNumber, Address, TaxID, Email) 
VALUES (116, N'ТОВ "МобілКом"', 380444567116, N'Одеса, вул. Французький бульвар, 21', 1234567116, 'info@mobilcom.com');
INSERT INTO LegalEntity (ClientID, CompanyName, PhoneNumber, Address, TaxID, Email) 
VALUES (117, N'ТОВ "ТехноЛідер"', 380444567117, N'Дніпро, вул. Барикадна, 3', 1234567117, 'info@technolider.com');
INSERT INTO LegalEntity (ClientID, CompanyName, PhoneNumber, Address, TaxID, Email) 
VALUES (118, N'ТОВ "ФонСервіс"', 380444567118, N'Харків, вул. Полтавський Шлях, 56', 1234567118, 'info@phonservice.com');
INSERT INTO LegalEntity (ClientID, CompanyName, PhoneNumber, Address, TaxID, Email) 
VALUES (119, N'ТОВ "ТелефонТрейд"', 380444567119, N'Запоріжжя, вул. Незалежності, 14', 1234567119, 'info@phonetrade.com');
INSERT INTO LegalEntity (ClientID, CompanyName, PhoneNumber, Address, TaxID, Email) 
VALUES (120, N'ТОВ "БізнесГаджет"', 380444567120, N'Київ, вул. Бандери, 19', 1234567120, 'info@biznesgadget.com');
INSERT INTO LegalEntity (ClientID, CompanyName, PhoneNumber, Address, TaxID, Email) 
VALUES (121, N'ТОВ "МобіСтор"', 380444567121, N'Львів, вул. Зелена, 45', 1234567121, 'info@mobistore.com');
INSERT INTO LegalEntity (ClientID, CompanyName, PhoneNumber, Address, TaxID, Email) 
VALUES (122, N'ТОВ "СмартГруп"', 380444567122, N'Київ, просп. Перемоги, 20', 1234567122, 'info@smartgroup.com');
INSERT INTO LegalEntity (ClientID, CompanyName, PhoneNumber, Address, TaxID, Email) 
VALUES (123, N'ТОВ "ГаджетЛенд"', 380444567123, N'Одеса, вул. Канатна, 10', 1234567123, 'info@gadgetland.com');
INSERT INTO LegalEntity (ClientID, CompanyName, PhoneNumber, Address, TaxID, Email) 
VALUES (124, N'ТОВ "МобайлСолюшн"', 380444567124, N'Дніпро, вул. Паторжинського, 6', 1234567124, 'info@mobilesolution.com');
INSERT INTO LegalEntity (ClientID, CompanyName, PhoneNumber, Address, TaxID, Email) 
VALUES (125, N'ТОВ "БізнесТелеком"', 380444567125, N'Харків, вул. Академіка Павлова, 16', 1234567125, 'info@biznestelecom.com');
INSERT INTO LegalEntity (ClientID, CompanyName, PhoneNumber, Address, TaxID, Email) 
VALUES (126, N'ТОВ "ЦифраТрейд"', 380444567126, N'Запоріжжя, вул. Перемоги, 23', 1234567126, 'info@cyfratrade.com');
INSERT INTO LegalEntity (ClientID, CompanyName, PhoneNumber, Address, TaxID, Email) 
VALUES (127, N'ТОВ "Мобільні Рішення"', 380444567127, N'Львів, просп. Чорновола, 12', 1234567127, 'info@mobileresh.com');
INSERT INTO LegalEntity (ClientID, CompanyName, PhoneNumber, Address, TaxID, Email) 
VALUES (128, N'ТОВ "ГаджетОптСервіс"', 380444567128, N'Київ, вул. Лаврська, 5', 1234567128, 'info@gadgetoptserv.com');
INSERT INTO LegalEntity (ClientID, CompanyName, PhoneNumber, Address, TaxID, Email) 
VALUES (129, N'ТОВ "СмартЗбут"', 380444567129, N'Одеса, просп. Шевченка, 31', 1234567129, 'info@smartzbut.com');
INSERT INTO LegalEntity (ClientID, CompanyName, PhoneNumber, Address, TaxID, Email) 
VALUES (130, N'ТОВ "ТелефонЛідер"', 380444567130, N'Дніпро, вул. Калинова, 8', 1234567130, 'info@phonelider.com');
INSERT INTO LegalEntity (ClientID, CompanyName, PhoneNumber, Address, TaxID, Email) 
VALUES (131, N'ТОВ "ГлобалТелеком"', 380444567131, N'Харків, вул. Пушкінська, 14', 1234567131, 'info@globaltelecom.com');
INSERT INTO LegalEntity (ClientID, CompanyName, PhoneNumber, Address, TaxID, Email) 
VALUES (132, N'ТОВ "СмартКом"', 380444567132, N'Запоріжжя, вул. Горького, 21', 1234567132, 'info@smartcom.com');
INSERT INTO LegalEntity (ClientID, CompanyName, PhoneNumber, Address, TaxID, Email) 
VALUES (133, N'ТОВ "ТехноСвіт"', 380444567133, N'Львів, вул. Городоцька, 55', 1234567133, 'info@technosvit.com');
INSERT INTO LegalEntity (ClientID, CompanyName, PhoneNumber, Address, TaxID, Email) 
VALUES (134, N'ТОВ "СмартДевайс"', 380444567134, N'Київ, просп. Лобановського, 17', 1234567134, 'info@smartdevice.com');
INSERT INTO LegalEntity (ClientID, CompanyName, PhoneNumber, Address, TaxID, Email) 
VALUES (135, N'ТОВ "ГаджетШоп"', 380444567135, N'Одеса, вул. Жуковського, 6', 1234567135, 'info@gadgetshop.com');
INSERT INTO LegalEntity (ClientID, CompanyName, PhoneNumber, Address, TaxID, Email) 
VALUES (136, N'ТОВ "Цифровий Світ"', 380444567136, N'Дніпро, вул. Робоча, 33', 1234567136, 'info@cyfrsvit.com');
INSERT INTO LegalEntity (ClientID, CompanyName, PhoneNumber, Address, TaxID, Email) 
VALUES (137, N'ТОВ "ТопГаджет"', 380444567137, N'Харків, вул. Дарвіна, 28', 1234567137, 'info@topgadget.com');
INSERT INTO LegalEntity (ClientID, CompanyName, PhoneNumber, Address, TaxID, Email) 
VALUES (138, N'ТОВ "БізнесМобіл"', 380444567138, N'Запоріжжя, вул. Лермонтова, 15', 1234567138, 'info@businessmobil.com');
INSERT INTO LegalEntity (ClientID, CompanyName, PhoneNumber, Address, TaxID, Email) 
VALUES (139, N'ТОВ "ТелекомПоставка"', 380444567139, N'Львів, вул. Богдана Хмельницького, 29', 1234567139, 'info@telecompostavka.com');
INSERT INTO LegalEntity (ClientID, CompanyName, PhoneNumber, Address, TaxID, Email) 
VALUES (140, N'ТОВ "МобайлДистриб"', 380444567140, N'Київ, вул. Саксаганського, 40', 1234567140, 'info@mobiledist.com');
INSERT INTO LegalEntity (ClientID, CompanyName, PhoneNumber, Address, TaxID, Email) 
VALUES (141, N'ТОВ "ЦифроГаджет"', 380444567141, N'Одеса, вул. Катерининська, 13', 1234567141, 'info@cyfroGadget.com');
INSERT INTO LegalEntity (ClientID, CompanyName, PhoneNumber, Address, TaxID, Email) 
VALUES (142, N'ТОВ "ТехноГруп"', 380444567142, N'Дніпро, вул. Воскресенська, 9', 1234567142, 'info@technogroup.com');
INSERT INTO LegalEntity (ClientID, CompanyName, PhoneNumber, Address, TaxID, Email) 
VALUES (143, N'ТОВ "ГаджетМобайл"', 380444567143, N'Харків, вул. Сумгаїтська, 19', 1234567143, 'info@gadgetmobile.com');
INSERT INTO LegalEntity (ClientID, CompanyName, PhoneNumber, Address, TaxID, Email) 
VALUES (144, N'ТОВ "СмартПлюс"', 380444567144, N'Запоріжжя, вул. Чкалова, 12', 1234567144, 'info@smartplus.com');
INSERT INTO LegalEntity (ClientID, CompanyName, PhoneNumber, Address, TaxID, Email) 
VALUES (145, N'ТОВ "ФонДевайс"', 380444567145, N'Львів, вул. Лесі Українки, 7', 1234567145, 'info@fondevice.com');
INSERT INTO LegalEntity (ClientID, CompanyName, PhoneNumber, Address, TaxID, Email) 
VALUES (146, N'ТОВ "ТопМобілТрейд"', 380444567146, N'Київ, вул. Шота Руставелі, 11', 1234567146, 'info@topmobiltrade.com');
INSERT INTO LegalEntity (ClientID, CompanyName, PhoneNumber, Address, TaxID, Email) 
VALUES (147, N'ТОВ "СмартОптГруп"', 380444567147, N'Одеса, вул. Мала Арнаутська, 8', 1234567147, 'info@smartoptgroup.com');
INSERT INTO LegalEntity (ClientID, CompanyName, PhoneNumber, Address, TaxID, Email) 
VALUES (148, N'ТОВ "ТелекомЛідер"', 380444567148, N'Дніпро, вул. Яворницького, 14', 1234567148, 'info@telecomlider.com');
INSERT INTO LegalEntity (ClientID, CompanyName, PhoneNumber, Address, TaxID, Email) 
VALUES (149, N'ТОВ "БізнесДевайс"', 380444567149, N'Харків, вул. Героїв Праці, 22', 1234567149, 'info@businessdevice.com');
INSERT INTO LegalEntity (ClientID, CompanyName, PhoneNumber, Address, TaxID, Email) 
VALUES (150, N'ТОВ "ТехноТелефон"', 380444567150, N'Запоріжжя, просп. Соборний, 35', 1234567150, 'info@technophone.com');
INSERT INTO LegalEntity (ClientID, CompanyName, PhoneNumber, Address, TaxID, Email) 
VALUES (151, N'ТОВ "МобіЛайн"', 380444567151, N'Київ, вул. Велика Васильківська, 15', 1234567151, 'info@mobiline.com');
INSERT INTO LegalEntity (ClientID, CompanyName, PhoneNumber, Address, TaxID, Email) 
VALUES (152, N'ТОВ "СмартТехніка"', 380444567152, N'Львів, вул. Франка, 27', 1234567152, 'info@smarttehnika.com');
INSERT INTO LegalEntity (ClientID, CompanyName, PhoneNumber, Address, TaxID, Email) 
VALUES (153, N'ТОВ "ГаджетМаркет"', 380444567153, N'Одеса, вул. Преображенська, 18', 1234567153, 'info@gadgetmarket.com');
INSERT INTO LegalEntity (ClientID, CompanyName, PhoneNumber, Address, TaxID, Email) 
VALUES (154, N'ТОВ "ТелефонПлюс"', 380444567154, N'Дніпро, вул. Троїцька, 4', 1234567154, 'info@telefonplus.com');
INSERT INTO LegalEntity (ClientID, CompanyName, PhoneNumber, Address, TaxID, Email) 
VALUES (155, N'ТОВ "МобайлОпт"', 380444567155, N'Харків, просп. Гагаріна, 30', 1234567155, 'info@mobileopt.com');
INSERT INTO LegalEntity (ClientID, CompanyName, PhoneNumber, Address, TaxID, Email) 
VALUES (156, N'ТОВ "ГаджетСервіс"', 380444567156, N'Запоріжжя, вул. Леніна, 12', 1234567156, 'info@gadgetservice.com');
INSERT INTO LegalEntity (ClientID, CompanyName, PhoneNumber, Address, TaxID, Email) 
VALUES (157, N'ТОВ "СмартМобайл"', 380444567157, N'Київ, вул. Дегтярівська, 5', 1234567157, 'info@smartmobile.com');
INSERT INTO LegalEntity (ClientID, CompanyName, PhoneNumber, Address, TaxID, Email) 
VALUES (158, N'ТОВ "ТехноСвіт"', 380444567158, N'Львів, вул. Личаківська, 40', 1234567158, 'info@technosvit.com');
INSERT INTO LegalEntity (ClientID, CompanyName, PhoneNumber, Address, TaxID, Email) 
VALUES (159, N'ТОВ "МобіОптТорг"', 380444567159, N'Одеса, вул. Дерибасівська, 8', 1234567159, 'info@moboptorg.com');
INSERT INTO LegalEntity (ClientID, CompanyName, PhoneNumber, Address, TaxID, Email) 
VALUES (160, N'ТОВ "ЦифроТех"', 380444567160, N'Дніпро, просп. Карла Маркса, 21', 1234567160, 'info@cyfrotech.com');
INSERT INTO LegalEntity (ClientID, CompanyName, PhoneNumber, Address, TaxID, Email) 
VALUES (161, N'ТОВ "ГаджетРітейл"', 380444567161, N'Харків, вул. Сумська, 37', 1234567161, 'info@gadgetretail.com');
INSERT INTO LegalEntity (ClientID, CompanyName, PhoneNumber, Address, TaxID, Email) 
VALUES (162, N'ТОВ "СмартГруп"', 380444567162, N'Запоріжжя, вул. Перемоги, 19', 1234567162, 'info@smartgroup.com');
INSERT INTO LegalEntity (ClientID, CompanyName, PhoneNumber, Address, TaxID, Email) 
VALUES (163, N'ТОВ "ТехноМобайл"', 380444567163, N'Київ, просп. Лесі Українки, 7', 1234567163, 'info@technomobile.com');
INSERT INTO LegalEntity (ClientID, CompanyName, PhoneNumber, Address, TaxID, Email) 
VALUES (164, N'ТОВ "ЦифроСвіт"', 380444567164, N'Львів, вул. Коперника, 22', 1234567164, 'info@cyfrosvit.com');
INSERT INTO LegalEntity (ClientID, CompanyName, PhoneNumber, Address, TaxID, Email) 
VALUES (165, N'ТОВ "МобіТорг"', 380444567165, N'Одеса, вул. Єкатеринінська, 14', 1234567165, 'info@mobitorg.com');
INSERT INTO LegalEntity (ClientID, CompanyName, PhoneNumber, Address, TaxID, Email) 
VALUES (166, N'ТОВ "СмартСервіс"', 380444567166, N'Дніпро, вул. Центральна, 31', 1234567166, 'info@smartservice.com');
INSERT INTO LegalEntity (ClientID, CompanyName, PhoneNumber, Address, TaxID, Email) 
VALUES (167, N'ТОВ "ГаджетТрейд"', 380444567167, N'Харків, вул. Полтавський Шлях, 25', 1234567167, 'info@gadgettrade.com');
INSERT INTO LegalEntity (ClientID, CompanyName, PhoneNumber, Address, TaxID, Email) 
VALUES (168, N'ТОВ "ТехноГаджет"', 380444567168, N'Запоріжжя, вул. Гоголя, 11', 1234567168, 'info@technogadget.com');
INSERT INTO LegalEntity (ClientID, CompanyName, PhoneNumber, Address, TaxID, Email) 
VALUES (169, N'ТОВ "Цифровий Партнер"', 380444567169, N'Київ, вул. Ярославів Вал, 9', 1234567169, 'info@digitalpartner.com');
INSERT INTO LegalEntity (ClientID, CompanyName, PhoneNumber, Address, TaxID, Email) 
VALUES (170, N'ТОВ "СмартТелеком"', 380444567170, N'Львів, вул. Стрийська, 16', 1234567170, 'info@smarttelecom.com');
INSERT INTO LegalEntity (ClientID, CompanyName, PhoneNumber, Address, TaxID, Email) 
VALUES (171, N'ТОВ "МобіГруп"', 380444567171, N'Одеса, вул. Пантелеймонівська, 6', 1234567171, 'info@mobigroup.com');
INSERT INTO LegalEntity (ClientID, CompanyName, PhoneNumber, Address, TaxID, Email) 
VALUES (172, N'ТОВ "ТелекомЛідер"', 380444567172, N'Дніпро, вул. Братів Трофімових, 7', 1234567172, 'info@telecomlider.com');
INSERT INTO LegalEntity (ClientID, CompanyName, PhoneNumber, Address, TaxID, Email) 
VALUES (173, N'ТОВ "ГаджетКом"', 380444567173, N'Харків, просп. Науки, 34', 1234567173, 'info@gadgetcom.com');
INSERT INTO LegalEntity (ClientID, CompanyName, PhoneNumber, Address, TaxID, Email) 
VALUES (174, N'ТОВ "МобіСтар"', 380444567174, N'Запоріжжя, вул. Лобановського, 5', 1234567174, 'info@mobistar.com');
INSERT INTO LegalEntity (ClientID, CompanyName, PhoneNumber, Address, TaxID, Email) 
VALUES (175, N'ТОВ "ТехноСвіт"', 380444567175, N'Київ, вул. Бориспільська, 21', 1234567175, 'info@technosvit.com');
INSERT INTO LegalEntity (ClientID, CompanyName, PhoneNumber, Address, TaxID, Email) 
VALUES (176, N'ТОВ "СмартМаркет"', 380444567176, N'Львів, вул. Пекарська, 10', 1234567176, 'info@smartmarket.com');
INSERT INTO LegalEntity (ClientID, CompanyName, PhoneNumber, Address, TaxID, Email) 
VALUES (177, N'ТОВ "ЦифроЛюкс"', 380444567177, N'Одеса, вул. Канатна, 19', 1234567177, 'info@cyfrolyuks.com');
INSERT INTO LegalEntity (ClientID, CompanyName, PhoneNumber, Address, TaxID, Email) 
VALUES (178, N'ТОВ "ГаджетПрайм"', 380444567178, N'Дніпро, вул. Європейська, 3', 1234567178, 'info@gadgetprime.com');
INSERT INTO LegalEntity (ClientID, CompanyName, PhoneNumber, Address, TaxID, Email) 
VALUES (179, N'ТОВ "ТелефонДім"', 380444567179, N'Харків, вул. Культури, 12', 1234567179, 'info@telefondim.com');
INSERT INTO LegalEntity (ClientID, CompanyName, PhoneNumber, Address, TaxID, Email) 
VALUES (180, N'ТОВ "МобіТехПартнер"', 380444567180, N'Запоріжжя, вул. Сєрова, 8', 1234567180, 'info@mobitehpartner.com');
INSERT INTO LegalEntity (ClientID, CompanyName, PhoneNumber, Address, TaxID, Email) 
VALUES (181, N'ТОВ "СмартСвіт"', 380444567181, N'Київ, вул. Хрещатик, 22', 1234567181, 'info@smartsvit.com');
INSERT INTO LegalEntity (ClientID, CompanyName, PhoneNumber, Address, TaxID, Email) 
VALUES (182, N'ТОВ "ГаджетОпт"', 380444567182, N'Львів, вул. Городоцька, 35', 1234567182, 'info@gadgetopt.com');
INSERT INTO LegalEntity (ClientID, CompanyName, PhoneNumber, Address, TaxID, Email) 
VALUES (183, N'ТОВ "МобіЦентр"', 380444567183, N'Одеса, вул. Середньофонтанська, 15', 1234567183, 'info@mobicentr.com');
INSERT INTO LegalEntity (ClientID, CompanyName, PhoneNumber, Address, TaxID, Email) 
VALUES (184, N'ТОВ "ТехноТрейд"', 380444567184, N'Дніпро, вул. Воскресенська, 9', 1234567184, 'info@technotrade.com');
INSERT INTO LegalEntity (ClientID, CompanyName, PhoneNumber, Address, TaxID, Email) 
VALUES (185, N'ТОВ "СмартЛідер"', 380444567185, N'Харків, вул. Пушкінська, 17', 1234567185, 'info@smartlider.com');
INSERT INTO LegalEntity (ClientID, CompanyName, PhoneNumber, Address, TaxID, Email) 
VALUES (186, N'ТОВ "ЦифроМобайл"', 380444567186, N'Запоріжжя, просп. Соборний, 45', 1234567186, 'info@cyfromobile.com');
INSERT INTO LegalEntity (ClientID, CompanyName, PhoneNumber, Address, TaxID, Email) 
VALUES (187, N'ТОВ "ГаджетСтор"', 380444567187, N'Київ, вул. Велика Житомирська, 5', 1234567187, 'info@gadgetstore.com');
INSERT INTO LegalEntity (ClientID, CompanyName, PhoneNumber, Address, TaxID, Email) 
VALUES (188, N'ТОВ "МобілСервіс"', 380444567188, N'Львів, просп. Свободи, 20', 1234567188, 'info@mobiservice.com');
INSERT INTO LegalEntity (ClientID, CompanyName, PhoneNumber, Address, TaxID, Email) 
VALUES (189, N'ТОВ "СмартШоп"', 380444567189, N'Одеса, вул. Фонтанська дорога, 11', 1234567189, 'info@smartshop.com');
INSERT INTO LegalEntity (ClientID, CompanyName, PhoneNumber, Address, TaxID, Email) 
VALUES (190, N'ТОВ "ГаджетЛюкс"', 380444567190, N'Дніпро, вул. Шевченка, 14', 1234567190, 'info@gadgetlux.com');
INSERT INTO LegalEntity (ClientID, CompanyName, PhoneNumber, Address, TaxID, Email) 
VALUES (191, N'ТОВ "ЦифроТрейд"', 380444567191, N'Харків, просп. Ювілейний, 26', 1234567191, 'info@cyfrottrade.com');
INSERT INTO LegalEntity (ClientID, CompanyName, PhoneNumber, Address, TaxID, Email) 
VALUES (192, N'ТОВ "МобіМаг"', 380444567192, N'Запоріжжя, вул. Незалежності, 18', 1234567192, 'info@mobimag.com');
INSERT INTO LegalEntity (ClientID, CompanyName, PhoneNumber, Address, TaxID, Email) 
VALUES (193, N'ТОВ "ТехноГруп"', 380444567193, N'Київ, вул. Лаврська, 3', 1234567193, 'info@technogroup.com');
INSERT INTO LegalEntity (ClientID, CompanyName, PhoneNumber, Address, TaxID, Email) 
VALUES (194, N'ТОВ "ГаджетМаркет Плюс"', 380444567194, N'Львів, вул. Дорошенка, 28', 1234567194, 'info@gadgetmarketplus.com');
INSERT INTO LegalEntity (ClientID, CompanyName, PhoneNumber, Address, TaxID, Email) 
VALUES (195, N'ТОВ "СмартКомплект"', 380444567195, N'Одеса, вул. Чорноморська, 7', 1234567195, 'info@smartcomplect.com');
INSERT INTO LegalEntity (ClientID, CompanyName, PhoneNumber, Address, TaxID, Email) 
VALUES (196, N'ТОВ "МобіГалактика"', 380444567196, N'Дніпро, вул. Старокозацька, 33', 1234567196, 'info@mobigalaktika.com');
INSERT INTO LegalEntity (ClientID, CompanyName, PhoneNumber, Address, TaxID, Email) 
VALUES (197, N'ТОВ "ЦифроТехніка"', 380444567197, N'Харків, вул. Богдана Хмельницького, 21', 1234567197, 'info@cyfrotehnika.com');
INSERT INTO LegalEntity (ClientID, CompanyName, PhoneNumber, Address, TaxID, Email) 
VALUES (198, N'ТОВ "ГаджетСтиль"', 380444567198, N'Запоріжжя, вул. Анголенка, 9', 1234567198, 'info@gadgetstyle.com');
INSERT INTO LegalEntity (ClientID, CompanyName, PhoneNumber, Address, TaxID, Email) 
VALUES (199, N'ТОВ "ТехноСвіт Груп"', 380444567199, N'Київ, вул. Басейна, 12', 1234567199, 'info@technosvitgroup.com');
INSERT INTO LegalEntity (ClientID, CompanyName, PhoneNumber, Address, TaxID, Email) 
VALUES (200, N'ТОВ "СмартЛенд"', 380444567200, N'Львів, вул. Зелена, 42', 1234567200, 'info@smartland.com');
INSERT INTO LegalEntity (ClientID, CompanyName, PhoneNumber, Address, TaxID, Email) 
VALUES (201, N'ТОВ "ГаджетПрофі"', 380444567201, N'Одеса, вул. Рішельєвська, 8', 1234567201, 'info@gadgetprofi.com');


INSERT INTO Phone (PhoneID, Manufacturer, Model, Specifications, Price, Availability) 
VALUES (1, 'Apple', 'iPhone 14', '128GB, Black', 35000, N'В наявності');
INSERT INTO Phone (PhoneID, Manufacturer, Model, Specifications, Price, Availability) 
VALUES (2, 'Samsung', 'Galaxy S23', '256GB, Silver', 30000, N'В наявності');
INSERT INTO Phone (PhoneID, Manufacturer, Model, Specifications, Price, Availability) 
VALUES (3, 'Xiaomi', 'Redmi Note 12', '64GB, Blue', 15000, N'В наявності');
INSERT INTO Phone (PhoneID, Manufacturer, Model, Specifications, Price, Availability) 
VALUES (4, 'Samsung', 'Galaxy S23', '256GB, Phantom Black', 32000, N'В наявності');
INSERT INTO Phone (PhoneID, Manufacturer, Model, Specifications, Price, Availability) 
VALUES (5, 'Xiaomi', 'Redmi Note 12', '128GB, Blue', 12000, N'В наявності');
INSERT INTO Phone (PhoneID, Manufacturer, Model, Specifications, Price, Availability) 
VALUES (6, 'Apple', 'iPhone 13', '128GB, Starlight', 30000, N'В наявності');
INSERT INTO Phone (PhoneID, Manufacturer, Model, Specifications, Price, Availability) 
VALUES (7, 'OnePlus', '10 Pro', '256GB, Emerald Forest', 28000, N'В наявності');
INSERT INTO Phone (PhoneID, Manufacturer, Model, Specifications, Price, Availability) 
VALUES (8, 'Google', 'Pixel 7', '128GB, Snow', 27000, N'В наявності');
INSERT INTO Phone (PhoneID, Manufacturer, Model, Specifications, Price, Availability) 
VALUES (9, 'Realme', 'GT Neo 3', '256GB, Nitro Blue', 22000, N'В наявності');
INSERT INTO Phone (PhoneID, Manufacturer, Model, Specifications, Price, Availability) 
VALUES (10, 'Samsung', 'Galaxy A54', '128GB, Lime', 17000, N'Немає в наявності');
INSERT INTO Phone (PhoneID, Manufacturer, Model, Specifications, Price, Availability) 
VALUES (11, 'Xiaomi', 'Poco X5 Pro', '256GB, Yellow', 16000, N'В наявності');
INSERT INTO Phone (PhoneID, Manufacturer, Model, Specifications, Price, Availability) 
VALUES (12, 'Apple', 'iPhone 12', '64GB, Purple', 25000, N'В наявності');
INSERT INTO Phone (PhoneID, Manufacturer, Model, Specifications, Price, Availability) 
VALUES (13, 'Samsung', 'Galaxy S22', '128GB, Green', 29000, N'В наявності');
INSERT INTO Phone (PhoneID, Manufacturer, Model, Specifications, Price, Availability) 
VALUES (14, 'Google', 'Pixel 6a', '128GB, Charcoal', 19000, N'В наявності');
INSERT INTO Phone (PhoneID, Manufacturer, Model, Specifications, Price, Availability) 
VALUES (15, 'OnePlus', 'Nord 2T', '128GB, Gray Shadow', 18000, N'В наявності');
INSERT INTO Phone (PhoneID, Manufacturer, Model, Specifications, Price, Availability) 
VALUES (16, 'Realme', '10 Pro', '256GB, Dark Matter', 15000, N'Немає в наявності');
INSERT INTO Phone (PhoneID, Manufacturer, Model, Specifications, Price, Availability) 
VALUES (17, 'Xiaomi', 'Mi 11 Ultra', '512GB, Ceramic Black', 35000, N'В наявності');
INSERT INTO Phone (PhoneID, Manufacturer, Model, Specifications, Price, Availability) 
VALUES (18, 'Apple', 'iPhone SE (2022)', '64GB, Red', 20000, N'В наявності');
INSERT INTO Phone (PhoneID, Manufacturer, Model, Specifications, Price, Availability) 
VALUES (19, 'Samsung', 'Galaxy Z Flip 4', '256GB, Bora Purple', 40000, N'В наявності');
INSERT INTO Phone (PhoneID, Manufacturer, Model, Specifications, Price, Availability) 
VALUES (20, 'Google', 'Pixel 7 Pro', '512GB, Hazel', 37000, N'В наявності');
INSERT INTO Phone (PhoneID, Manufacturer, Model, Specifications, Price, Availability) 
VALUES (21, 'Xiaomi', 'Redmi Note 11 Pro', '128GB, Graphite Gray', 14000, N'В наявності');
INSERT INTO Phone (PhoneID, Manufacturer, Model, Specifications, Price, Availability) 
VALUES (22, 'Realme', '9i', '128GB, Prism Blue', 13000, N'Немає в наявності');
INSERT INTO Phone (PhoneID, Manufacturer, Model, Specifications, Price, Availability) 
VALUES (23, 'OnePlus', '9R', '256GB, Carbon Black', 24000, N'В наявності');
INSERT INTO Phone (PhoneID, Manufacturer, Model, Specifications, Price, Availability) 
VALUES (24, 'Apple', 'iPhone 11', '128GB, Green', 27000, N'В наявності');
INSERT INTO Phone (PhoneID, Manufacturer, Model, Specifications, Price, Availability) 
VALUES (25, 'Samsung', 'Galaxy M53', '128GB, Blue', 19000, N'В наявності');
INSERT INTO Phone (PhoneID, Manufacturer, Model, Specifications, Price, Availability) 
VALUES (26, 'Xiaomi', 'Poco F4 GT', '256GB, Stealth Black', 23000, N'В наявності');
INSERT INTO Phone (PhoneID, Manufacturer, Model, Specifications, Price, Availability) 
VALUES (27, 'Realme', 'Narzo 50', '128GB, Speed Blue', 11000, N'В наявності');
INSERT INTO Phone (PhoneID, Manufacturer, Model, Specifications, Price, Availability) 
VALUES (28, 'Google', 'Pixel 5a', '128GB, Mostly Black', 16000, N'В наявності');
INSERT INTO Phone (PhoneID, Manufacturer, Model, Specifications, Price, Availability) 
VALUES (29, 'OnePlus', '8T', '256GB, Lunar Silver', 21000, N'В наявності');
INSERT INTO Phone (PhoneID, Manufacturer, Model, Specifications, Price, Availability) 
VALUES (30, 'Apple', 'iPhone XR', '64GB, White', 22000, N'В наявності');
INSERT INTO Phone (PhoneID, Manufacturer, Model, Specifications, Price, Availability) 
VALUES (31, 'Samsung', 'Galaxy S21', '128GB, Phantom White', 25000, N'В наявності');
INSERT INTO Phone (PhoneID, Manufacturer, Model, Specifications, Price, Availability) 
VALUES (32, 'Xiaomi', 'Redmi 10', '64GB, Carbon Gray', 9000, N'Немає в наявності');
INSERT INTO Phone (PhoneID, Manufacturer, Model, Specifications, Price, Availability) 
VALUES (33, 'Apple', 'iPhone 15', '256GB, Midnight', 40000, N'В наявності');
INSERT INTO Phone (PhoneID, Manufacturer, Model, Specifications, Price, Availability) 
VALUES (34, 'Google', 'Pixel 6', '128GB, Kinda Coral', 28000, N'Немає в наявності');
INSERT INTO Phone (PhoneID, Manufacturer, Model, Specifications, Price, Availability) 
VALUES (35, 'OnePlus', 'Nord CE 2', '128GB, Bahama Blue', 17000, N'В наявності');
INSERT INTO Phone (PhoneID, Manufacturer, Model, Specifications, Price, Availability) 
VALUES (36, 'Realme', 'GT Master', '256GB, Voyager Grey', 20000, N'В наявності');
INSERT INTO Phone (PhoneID, Manufacturer, Model, Specifications, Price, Availability) 
VALUES (37, 'Samsung', 'Galaxy Z Fold 4', '512GB, Beige', 60000, N'В наявності');
INSERT INTO Phone (PhoneID, Manufacturer, Model, Specifications, Price, Availability) 
VALUES (38, 'Xiaomi', 'Poco X4 GT', '256GB, Green', 16000, N'Немає в наявності');
INSERT INTO Phone (PhoneID, Manufacturer, Model, Specifications, Price, Availability) 
VALUES (39, 'Apple', 'iPhone 13 Pro', '512GB, Sierra Blue', 55000, N'В наявності');
INSERT INTO Phone (PhoneID, Manufacturer, Model, Specifications, Price, Availability) 
VALUES (40, 'Google', 'Pixel 4a', '128GB, Just Black', 14000, N'Немає в наявності');
INSERT INTO Phone (PhoneID, Manufacturer, Model, Specifications, Price, Availability) 
VALUES (41, 'Samsung', 'Galaxy A72', '128GB, Awesome Violet', 21000, N'В наявності');
INSERT INTO Phone (PhoneID, Manufacturer, Model, Specifications, Price, Availability) 
VALUES (42, 'OnePlus', '8 Pro', '256GB, Ultramarine Blue', 26000, N'Немає в наявності');
INSERT INTO Phone (PhoneID, Manufacturer, Model, Specifications, Price, Availability) 
VALUES (43, 'Xiaomi', 'Mi 10T', '128GB, Cosmic Black', 18000, N'В наявності');
INSERT INTO Phone (PhoneID, Manufacturer, Model, Specifications, Price, Availability) 
VALUES (44, 'Realme', '8 Pro', '128GB, Infinite Black', 13000, N'Немає в наявності');
INSERT INTO Phone (PhoneID, Manufacturer, Model, Specifications, Price, Availability) 
VALUES (45, 'Apple', 'iPhone 14 Pro', '1TB, Deep Purple', 70000, N'В наявності');
INSERT INTO Phone (PhoneID, Manufacturer, Model, Specifications, Price, Availability) 
VALUES (46, 'Samsung', 'Galaxy Note 20', '256GB, Mystic Bronze', 34000, N'Немає в наявності');
INSERT INTO Phone (PhoneID, Manufacturer, Model, Specifications, Price, Availability) 
VALUES (47, 'Google', 'Pixel 3', '64GB, Clearly White', 10000, N'Немає в наявності');
INSERT INTO Phone (PhoneID, Manufacturer, Model, Specifications, Price, Availability) 
VALUES (48, 'OnePlus', '7T', '128GB, Frosted Silver', 15000, N'В наявності');
INSERT INTO Phone (PhoneID, Manufacturer, Model, Specifications, Price, Availability) 
VALUES (49, 'Xiaomi', 'Redmi 9', '64GB, Ocean Green', 8000, N'Немає в наявності');
INSERT INTO Phone (PhoneID, Manufacturer, Model, Specifications, Price, Availability) 
VALUES (50, 'Realme', '7i', '128GB, Aurora Green', 12000, N'В наявності');
INSERT INTO Phone (PhoneID, Manufacturer, Model, Specifications, Price, Availability) 
VALUES (51, 'Apple', 'iPhone XS', '256GB, Space Gray', 22000, N'Немає в наявності');
INSERT INTO Phone (PhoneID, Manufacturer, Model, Specifications, Price, Availability) 
VALUES (52, 'Samsung', 'Galaxy S10', '128GB, Prism White', 18000, N'В наявності');
INSERT INTO Phone (PhoneID, Manufacturer, Model, Specifications, Price, Availability) 
VALUES (53, 'Google', 'Pixel 2 XL', '128GB, Black & White', 9000, N'Немає в наявності');
INSERT INTO Phone (PhoneID, Manufacturer, Model, Specifications, Price, Availability) 
VALUES (54, 'OnePlus', '6T', '256GB, Thunder Purple', 13000, N'В наявності');
INSERT INTO Phone (PhoneID, Manufacturer, Model, Specifications, Price, Availability) 
VALUES (55, 'Xiaomi', 'Redmi Note 9', '128GB, Midnight Grey', 10000, N'Немає в наявності');
INSERT INTO Phone (PhoneID, Manufacturer, Model, Specifications, Price, Availability) 
VALUES (56, 'Realme', '6 Pro', '128GB, Lightning Blue', 14000, N'В наявності');
INSERT INTO Phone (PhoneID, Manufacturer, Model, Specifications, Price, Availability) 
VALUES (57, 'Apple', 'iPhone 8 Plus', '64GB, Gold', 16000, N'Немає в наявності');
INSERT INTO Phone (PhoneID, Manufacturer, Model, Specifications, Price, Availability) 
VALUES (58, 'Samsung', 'Galaxy A32', '128GB, Awesome Black', 15000, N'В наявності');
INSERT INTO Phone (PhoneID, Manufacturer, Model, Specifications, Price, Availability) 
VALUES (59, 'Google', 'Pixel 1', '64GB, Very Silver', 7000, N'Немає в наявності');
INSERT INTO Phone (PhoneID, Manufacturer, Model, Specifications, Price, Availability) 
VALUES (60, 'OnePlus', '5T', '128GB, Lava Red', 11000, N'В наявності');
INSERT INTO Phone (PhoneID, Manufacturer, Model, Specifications, Price, Availability) 
VALUES (61, 'Xiaomi', 'Redmi Note 11', '128GB, Graphite Gray', 12000, N'В наявності');
INSERT INTO Phone (PhoneID, Manufacturer, Model, Specifications, Price, Availability) 
VALUES (62, 'Apple', 'iPhone SE (2022)', '64GB, Starlight', 18000, N'Немає в наявності');
INSERT INTO Phone (PhoneID, Manufacturer, Model, Specifications, Price, Availability) 
VALUES (63, 'Samsung', 'Galaxy Z Flip 4', '256GB, Bora Purple', 45000, N'В наявності');
INSERT INTO Phone (PhoneID, Manufacturer, Model, Specifications, Price, Availability) 
VALUES (64, 'Google', 'Pixel 7', '128GB, Lemongrass', 32000, N'Немає в наявності');
INSERT INTO Phone (PhoneID, Manufacturer, Model, Specifications, Price, Availability) 
VALUES (65, 'OnePlus', '10 Pro', '256GB, Volcanic Black', 37000, N'В наявності');
INSERT INTO Phone (PhoneID, Manufacturer, Model, Specifications, Price, Availability) 
VALUES (66, 'Realme', 'Narzo 50', '128GB, Speed Blue', 14000, N'В наявності');
INSERT INTO Phone (PhoneID, Manufacturer, Model, Specifications, Price, Availability) 
VALUES (67, 'Xiaomi', 'Mi 11 Ultra', '512GB, Ceramic White', 55000, N'Немає в наявності');
INSERT INTO Phone (PhoneID, Manufacturer, Model, Specifications, Price, Availability) 
VALUES (68, 'Apple', 'iPhone 12 Mini', '128GB, Green', 26000, N'В наявності');
INSERT INTO Phone (PhoneID, Manufacturer, Model, Specifications, Price, Availability) 
VALUES (69, 'Samsung', 'Galaxy M52', '128GB, Blazing Black', 15000, N'Немає в наявності');
INSERT INTO Phone (PhoneID, Manufacturer, Model, Specifications, Price, Availability) 
VALUES (70, 'Google', 'Pixel 5', '128GB, Sorta Sage', 28000, N'В наявності');
INSERT INTO Phone (PhoneID, Manufacturer, Model, Specifications, Price, Availability) 
VALUES (71, 'OnePlus', 'Nord 2', '128GB, Blue Haze', 20000, N'Немає в наявності');
INSERT INTO Phone (PhoneID, Manufacturer, Model, Specifications, Price, Availability) 
VALUES (72, 'Realme', 'GT Neo 3', '256GB, Nitro Blue', 30000, N'В наявності');
INSERT INTO Phone (PhoneID, Manufacturer, Model, Specifications, Price, Availability) 
VALUES (73, 'Xiaomi', 'Poco F4', '128GB, Night Black', 23000, N'В наявності');
INSERT INTO Phone (PhoneID, Manufacturer, Model, Specifications, Price, Availability) 
VALUES (74, 'Apple', 'iPhone XR', '128GB, Coral', 21000, N'Немає в наявності');
INSERT INTO Phone (PhoneID, Manufacturer, Model, Specifications, Price, Availability) 
VALUES (75, 'Samsung', 'Galaxy A53', '256GB, Awesome Peach', 18000, N'В наявності');
INSERT INTO Phone (PhoneID, Manufacturer, Model, Specifications, Price, Availability) 
VALUES (76, 'Google', 'Pixel 6a', '128GB, Chalk', 25000, N'Немає в наявності');
INSERT INTO Phone (PhoneID, Manufacturer, Model, Specifications, Price, Availability) 
VALUES (77, 'OnePlus', '9 Pro', '256GB, Morning Mist', 41000, N'В наявності');
INSERT INTO Phone (PhoneID, Manufacturer, Model, Specifications, Price, Availability) 
VALUES (78, 'Realme', '8', '128GB, Cyber Silver', 14000, N'Немає в наявності');
INSERT INTO Phone (PhoneID, Manufacturer, Model, Specifications, Price, Availability) 
VALUES (79, 'Xiaomi', 'Redmi K50', '128GB, Dimensity Edition', 27000, N'В наявності');
INSERT INTO Phone (PhoneID, Manufacturer, Model, Specifications, Price, Availability) 
VALUES (80, 'Apple', 'iPhone 11 Pro Max', '512GB, Midnight Green', 60000, N'Немає в наявності');
INSERT INTO Phone (PhoneID, Manufacturer, Model, Specifications, Price, Availability) 
VALUES (81, 'Samsung', 'Galaxy S22 Ultra', '1TB, Burgundy', 80000, N'В наявності');
INSERT INTO Phone (PhoneID, Manufacturer, Model, Specifications, Price, Availability) 
VALUES (82, 'Google', 'Pixel 4', '64GB, Clearly White', 19000, N'Немає в наявності');
INSERT INTO Phone (PhoneID, Manufacturer, Model, Specifications, Price, Availability) 
VALUES (83, 'OnePlus', '7', '128GB, Mirror Gray', 17000, N'В наявності');
INSERT INTO Phone (PhoneID, Manufacturer, Model, Specifications, Price, Availability) 
VALUES (84, 'Realme', 'C25', '64GB, Water Blue', 11000, N'Немає в наявності');
INSERT INTO Phone (PhoneID, Manufacturer, Model, Specifications, Price, Availability) 
VALUES (85, 'Xiaomi', 'Black Shark 4', '256GB, Shadow Black', 29000, N'В наявності');
INSERT INTO Phone (PhoneID, Manufacturer, Model, Specifications, Price, Availability) 
VALUES (86, 'Apple', 'iPhone 13', '256GB, Midnight', 39000, N'В наявності');
INSERT INTO Phone (PhoneID, Manufacturer, Model, Specifications, Price, Availability) 
VALUES (87, 'Samsung', 'Galaxy A73', '128GB, Mint', 21000, N'Немає в наявності');
INSERT INTO Phone (PhoneID, Manufacturer, Model, Specifications, Price, Availability) 
VALUES (88, 'Google', 'Pixel 6 Pro', '512GB, Cloudy White', 50000, N'В наявності');
INSERT INTO Phone (PhoneID, Manufacturer, Model, Specifications, Price, Availability) 
VALUES (89, 'OnePlus', '8T', '256GB, Aquamarine Green', 32000, N'Немає в наявності');
INSERT INTO Phone (PhoneID, Manufacturer, Model, Specifications, Price, Availability) 
VALUES (90, 'Realme', '9 Pro+', '128GB, Sunrise Blue', 26000, N'В наявності');
INSERT INTO Phone (PhoneID, Manufacturer, Model, Specifications, Price, Availability) 
VALUES (91, 'Xiaomi', 'Mi 10T Pro', '256GB, Lunar Silver', 28000, N'Немає в наявності');
INSERT INTO Phone (PhoneID, Manufacturer, Model, Specifications, Price, Availability) 
VALUES (92, 'Apple', 'iPhone 11', '128GB, Red', 27000, N'В наявності');
INSERT INTO Phone (PhoneID, Manufacturer, Model, Specifications, Price, Availability) 
VALUES (93, 'Samsung', 'Galaxy Note 20 Ultra', '512GB, Mystic Bronze', 60000, N'Немає в наявності');
INSERT INTO Phone (PhoneID, Manufacturer, Model, Specifications, Price, Availability) 
VALUES (94, 'Google', 'Pixel 3 XL', '128GB, Not Pink', 17000, N'В наявності');
INSERT INTO Phone (PhoneID, Manufacturer, Model, Specifications, Price, Availability) 
VALUES (95, 'OnePlus', 'Nord CE 2', '128GB, Gray Mirror', 22000, N'Немає в наявності');
INSERT INTO Phone (PhoneID, Manufacturer, Model, Specifications, Price, Availability) 
VALUES (96, 'Realme', 'GT 2 Pro', '512GB, Paper White', 33000, N'В наявності');
INSERT INTO Phone (PhoneID, Manufacturer, Model, Specifications, Price, Availability) 
VALUES (97, 'Xiaomi', 'Redmi 10', '128GB, Pebble White', 13000, N'Немає в наявності');
INSERT INTO Phone (PhoneID, Manufacturer, Model, Specifications, Price, Availability) 
VALUES (98, 'Apple', 'iPhone XS Max', '512GB, Space Gray', 45000, N'В наявності');
INSERT INTO Phone (PhoneID, Manufacturer, Model, Specifications, Price, Availability) 
VALUES (99, 'Samsung', 'Galaxy S21 FE', '256GB, Olive', 34000, N'Немає в наявності');
INSERT INTO Phone (PhoneID, Manufacturer, Model, Specifications, Price, Availability) 
VALUES (100, 'Google', 'Pixel 4a', '128GB, Just Black', 20000, N'В наявності');

INSERT INTO Orders (OrderID, ClientID, OrderDate, CompletionDate, OrderAmount) 
VALUES (1, 1, '2024-03-01', NULL, 35000);
INSERT INTO Orders (OrderID, ClientID, OrderDate, CompletionDate, OrderAmount) 
VALUES (2, 3, '2024-03-05', '2024-03-10', 15000);
INSERT INTO Orders (OrderID, ClientID, OrderDate, CompletionDate, OrderAmount) 
VALUES (3, 5, '2024-08-07', '2024-08-12', 81000);
INSERT INTO Orders (OrderID, ClientID, OrderDate, CompletionDate, OrderAmount) 
VALUES (4, 8, '2025-01-10', '2025-01-13', 80000);
INSERT INTO Orders (OrderID, ClientID, OrderDate, CompletionDate, OrderAmount) 
VALUES (5, 21, '2025-02-12', '2025-02-15', 90000);
INSERT INTO Orders (OrderID, ClientID, OrderDate, CompletionDate, OrderAmount) 
VALUES (6, 8, '2025-01-12', '2025-01-15', 70000);
INSERT INTO Orders (OrderID, ClientID, OrderDate, CompletionDate, OrderAmount) 
VALUES (7, 32, '2024-03-08', '2024-03-12', 46000);
INSERT INTO Orders (OrderID, ClientID, OrderDate, CompletionDate, OrderAmount) 
VALUES (8, 45, '2024-04-14', '2024-04-18', 17000);
INSERT INTO Orders (OrderID, ClientID, OrderDate, CompletionDate, OrderAmount) 
VALUES (9, 98, '2024-05-20', '2024-05-24', 24000);
INSERT INTO Orders (OrderID, ClientID, OrderDate, CompletionDate, OrderAmount) 
VALUES (10, 76, '2024-06-07', '2024-06-11', 70000);
INSERT INTO Orders (OrderID, ClientID, OrderDate, CompletionDate, OrderAmount) 
VALUES (11, 14, '2024-06-15', '2024-06-20', 72000);
INSERT INTO Orders (OrderID, ClientID, OrderDate, CompletionDate, OrderAmount) 
VALUES (12, 59, '2024-07-05', '2024-07-09', 25000);
INSERT INTO Orders (OrderID, ClientID, OrderDate, CompletionDate, OrderAmount)
VALUES (13, 113, '2024-08-18', '2024-08-22', 420000);
INSERT INTO Orders (OrderID, ClientID, OrderDate, CompletionDate, OrderAmount) 
VALUES (14, 87, '2024-09-01', '2024-09-05', 74000);
INSERT INTO Orders (OrderID, ClientID, OrderDate, CompletionDate, OrderAmount) 
VALUES (15, 133, '2024-10-10', '2024-10-14', 243000);
INSERT INTO Orders (OrderID, ClientID, OrderDate, CompletionDate, OrderAmount) 
VALUES (16, 72, '2024-10-15', '2024-10-19', 27000);
INSERT INTO Orders (OrderID, ClientID, OrderDate, CompletionDate, OrderAmount) 
VALUES (17, 156, '2024-11-01', '2024-11-05', 104000);
INSERT INTO Orders (OrderID, ClientID, OrderDate, CompletionDate, OrderAmount) 
VALUES (18, 102, '2024-12-10', '2024-12-14', 252000);
INSERT INTO Orders (OrderID, ClientID, OrderDate, CompletionDate, OrderAmount) 
VALUES (19, 118, '2025-01-01', '2025-01-04', 506000);
INSERT INTO Orders (OrderID, ClientID, OrderDate, CompletionDate, OrderAmount) 
VALUES (20, 167, '2025-01-25', '2025-01-30', 150000);
INSERT INTO Orders (OrderID, ClientID, OrderDate, CompletionDate, OrderAmount) 
VALUES (21, 30, '2025-02-01', '2025-02-05', 42000);
INSERT INTO Orders (OrderID, ClientID, OrderDate, CompletionDate, OrderAmount) 
VALUES (22, 142, '2025-03-15', '2025-03-19', 756000);
INSERT INTO Orders (OrderID, ClientID, OrderDate, CompletionDate, OrderAmount) 
VALUES (23, 57, '2025-04-03', '2025-04-07', 20000);
INSERT INTO Orders (OrderID, ClientID, OrderDate, CompletionDate, OrderAmount) 
VALUES (24, 49, '2025-04-15', '2025-04-18', 35000);
INSERT INTO Orders (OrderID, ClientID, OrderDate, CompletionDate, OrderAmount) 
VALUES (25, 193, '2025-05-10', '2025-05-14', 1700000);
INSERT INTO Orders (OrderID, ClientID, OrderDate, CompletionDate, OrderAmount) 
VALUES (26, 140, '2025-06-01', '2025-06-04', 640000);
INSERT INTO Orders (OrderID, ClientID, OrderDate, CompletionDate, OrderAmount) 
VALUES (27, 168, '2025-07-09', '2025-07-12', 492000);
INSERT INTO Orders (OrderID, ClientID, OrderDate, CompletionDate, OrderAmount) 
VALUES (28, 82, '2025-07-20', '2025-07-23', 15000);
INSERT INTO Orders (OrderID, ClientID, OrderDate, CompletionDate, OrderAmount) 
VALUES (29, 19, '2025-08-05', '2025-08-09', 33000);
INSERT INTO Orders (OrderID, ClientID, OrderDate, CompletionDate, OrderAmount) 
VALUES (30, 53, '2025-08-12', '2025-08-15', 45000);
INSERT INTO Orders (OrderID, ClientID, OrderDate, CompletionDate, OrderAmount) 
VALUES (31, 109, '2025-09-01', '2025-09-05', 270000);
INSERT INTO Orders (OrderID, ClientID, OrderDate, CompletionDate, OrderAmount) 
VALUES (32, 65, '2025-09-07', '2025-09-10', 60000);
INSERT INTO Orders (OrderID, ClientID, OrderDate, CompletionDate, OrderAmount) 
VALUES (33, 181, '2025-10-01', '2025-10-04', 1176000);
INSERT INTO Orders (OrderID, ClientID, OrderDate, CompletionDate, OrderAmount) 
VALUES (34, 167, '2025-10-12', '2025-10-16', 2496000);
INSERT INTO Orders (OrderID, ClientID, OrderDate, CompletionDate, OrderAmount) 
VALUES (35, 95, '2025-11-05', '2025-11-08', 17000);
INSERT INTO Orders (OrderID, ClientID, OrderDate, CompletionDate, OrderAmount) 
VALUES (36, 142, '2025-11-13', '2025-11-16', 408000);
INSERT INTO Orders (OrderID, ClientID, OrderDate, CompletionDate, OrderAmount) 
VALUES (37, 148, '2025-12-02', '2025-12-06', 350000);
INSERT INTO Orders (OrderID, ClientID, OrderDate, CompletionDate, OrderAmount) 
VALUES (38, 20, '2025-12-08', '2025-12-12', 17000);
INSERT INTO Orders (OrderID, ClientID, OrderDate, CompletionDate, OrderAmount) 
VALUES (39, 159, '2026-01-15', '2026-01-19', 1125000);
INSERT INTO Orders (OrderID, ClientID, OrderDate, CompletionDate, OrderAmount) 
VALUES (40, 117, '2026-02-01', '2026-02-04', 345000);
INSERT INTO Orders (OrderID, ClientID, OrderDate, CompletionDate, OrderAmount) 
VALUES (41, 58, '2026-03-01', '2026-03-04', 39000);
INSERT INTO Orders (OrderID, ClientID, OrderDate, CompletionDate, OrderAmount) 
VALUES (42, 180, '2026-04-10', '2026-04-14', 1600000);
INSERT INTO Orders (OrderID, ClientID, OrderDate, CompletionDate, OrderAmount) 
VALUES (43, 126, '2026-05-05', '2026-05-09', 98000);
INSERT INTO Orders (OrderID, ClientID, OrderDate, CompletionDate, OrderAmount) 
VALUES (44, 91, '2026-06-07', '2026-06-11', 14000);
INSERT INTO Orders (OrderID, ClientID, OrderDate, CompletionDate, OrderAmount) 
VALUES (45, 174, '2026-06-18', '2026-06-21', 286000);
INSERT INTO Orders (OrderID, ClientID, OrderDate, CompletionDate, OrderAmount) 
VALUES (46, 140, '2026-07-10', '2026-07-14', 369000);
INSERT INTO Orders (OrderID, ClientID, OrderDate, CompletionDate, OrderAmount) 
VALUES (47, 138, '2026-08-01', '2026-08-04', 374000);
INSERT INTO Orders (OrderID, ClientID, OrderDate, CompletionDate, OrderAmount) 
VALUES (48, 82, '2026-08-15', '2026-08-19', 54000);
INSERT INTO Orders (OrderID, ClientID, OrderDate, CompletionDate, OrderAmount) 
VALUES (49, 71, '2026-09-05', '2026-09-09', 16000);
INSERT INTO Orders (OrderID, ClientID, OrderDate, CompletionDate, OrderAmount) 
VALUES (50, 177, '2026-10-02', '2026-10-06', 2720000);
INSERT INTO Orders (OrderID, ClientID, OrderDate, CompletionDate, OrderAmount) 
VALUES (51, 160, '2026-10-10', '2026-10-14', 342000);
INSERT INTO Orders (OrderID, ClientID, OrderDate, CompletionDate, OrderAmount) 
VALUES (52, 34, '2026-11-01', '2026-11-05', 56000);
INSERT INTO Orders (OrderID, ClientID, OrderDate, CompletionDate, OrderAmount) 
VALUES (53, 174, '2026-11-12', '2026-11-15', 33000);
INSERT INTO Orders (OrderID, ClientID, OrderDate, CompletionDate, OrderAmount) 
VALUES (54, 101, '2026-12-01', '2026-12-04', 33000);
INSERT INTO Orders (OrderID, ClientID, OrderDate, CompletionDate, OrderAmount) 
VALUES (55, 149, '2026-12-10', '2026-12-13', 20000);
INSERT INTO Orders (OrderID, ClientID, OrderDate, CompletionDate, OrderAmount) 
VALUES (56, 62, '2027-01-05', '2027-01-09', 40000);
INSERT INTO Orders (OrderID, ClientID, OrderDate, CompletionDate, OrderAmount) 
VALUES (57, 133, '2027-01-15', '2027-01-18', 575000);
INSERT INTO Orders (OrderID, ClientID, OrderDate, CompletionDate, OrderAmount) 
VALUES (58, 110, '2027-02-02', '2027-02-06', 27000);
INSERT INTO Orders (OrderID, ClientID, OrderDate, CompletionDate, OrderAmount) 
VALUES (59, 64, '2027-02-20', '2027-02-24', 345000);
INSERT INTO Orders (OrderID, ClientID, OrderDate, CompletionDate, OrderAmount) 
VALUES (60, 91, '2027-03-03', '2027-03-07', 23000);
INSERT INTO Orders (OrderID, ClientID, OrderDate, CompletionDate, OrderAmount) 
VALUES (61, 54, '2027-03-15', '2027-03-19', 42000);
INSERT INTO Orders (OrderID, ClientID, OrderDate, CompletionDate, OrderAmount) 
VALUES (62, 145, '2027-04-01', '2027-04-04', 18000);
INSERT INTO Orders (OrderID, ClientID, OrderDate, CompletionDate, OrderAmount) 
VALUES (63, 128, '2027-04-10', '2027-04-13', 120000);
INSERT INTO Orders (OrderID, ClientID, OrderDate, CompletionDate, OrderAmount) 
VALUES (64, 181, '2027-05-05', '2027-05-09', 29000);
INSERT INTO Orders (OrderID, ClientID, OrderDate, CompletionDate, OrderAmount) 
VALUES (65, 173, '2027-05-12', '2027-05-15', 13000);
INSERT INTO Orders (OrderID, ClientID, OrderDate, CompletionDate, OrderAmount) 
VALUES (66, 123, '2027-06-01', '2027-06-04', 26000);
INSERT INTO Orders (OrderID, ClientID, OrderDate, CompletionDate, OrderAmount) 
VALUES (67, 150, '2027-06-10', '2027-06-13', 28000);
INSERT INTO Orders (OrderID, ClientID, OrderDate, CompletionDate, OrderAmount) 
VALUES (68, 17, '2027-07-03', '2027-07-06', 11000);
INSERT INTO Orders (OrderID, ClientID, OrderDate, CompletionDate, OrderAmount) 
VALUES (69, 156, '2027-07-12', '2027-07-16', 30000);
INSERT INTO Orders (OrderID, ClientID, OrderDate, CompletionDate, OrderAmount) 
VALUES (70, 110, '2027-08-01', '2027-08-04', 840000);
INSERT INTO Orders (OrderID, ClientID, OrderDate, CompletionDate, OrderAmount) 
VALUES (71, 170, '2027-08-10', '2027-08-14', 440000);
INSERT INTO Orders (OrderID, ClientID, OrderDate, CompletionDate, OrderAmount) 
VALUES (72, 102, '2027-09-05', '2027-09-09', 105000);
INSERT INTO Orders (OrderID, ClientID, OrderDate, CompletionDate, OrderAmount) 
VALUES (73, 61, '2027-09-15', '2027-09-19', 27000);
INSERT INTO Orders (OrderID, ClientID, OrderDate, CompletionDate, OrderAmount) 
VALUES (74, 154, '2027-10-01', '2027-10-04', 120000);
INSERT INTO Orders (OrderID, ClientID, OrderDate, CompletionDate, OrderAmount) 
VALUES (75, 141, '2027-10-12', '2027-10-15', 231000);
INSERT INTO Orders (OrderID, ClientID, OrderDate, CompletionDate, OrderAmount) 
VALUES (76, 88, '2027-11-01', '2027-11-05', 41000);
INSERT INTO Orders (OrderID, ClientID, OrderDate, CompletionDate, OrderAmount) 
VALUES (77, 173, '2027-11-10', '2027-11-14', 184000);
INSERT INTO Orders (OrderID, ClientID, OrderDate, CompletionDate, OrderAmount) 
VALUES (78, 118, '2027-12-01', '2027-12-04', 360000);
INSERT INTO Orders (OrderID, ClientID, OrderDate, CompletionDate, OrderAmount) 
VALUES (79, 122, '2027-12-12', '2027-12-15', 28000);
INSERT INTO Orders (OrderID, ClientID, OrderDate, CompletionDate, OrderAmount) 
VALUES (80, 66, '2028-01-01', '2028-01-05', 40000);
INSERT INTO Orders (OrderID, ClientID, OrderDate, CompletionDate, OrderAmount) 
VALUES (81, 139, '2028-01-10', '2028-01-13', 345000);
INSERT INTO Orders (OrderID, ClientID, OrderDate, CompletionDate, OrderAmount) 
VALUES (82, 93, '2028-02-01', '2028-02-05', 32000);
INSERT INTO Orders (OrderID, ClientID, OrderDate, CompletionDate, OrderAmount) 
VALUES (83, 144, '2028-02-12', '2028-02-16', 22000);
INSERT INTO Orders (OrderID, ClientID, OrderDate, CompletionDate, OrderAmount) 
VALUES (84, 182, '2028-03-01', '2028-03-05', 180000);
INSERT INTO Orders (OrderID, ClientID, OrderDate, CompletionDate, OrderAmount) 
VALUES (85, 183, '2028-03-12', '2028-03-15', 54000);
INSERT INTO Orders (OrderID, ClientID, OrderDate, CompletionDate, OrderAmount) 
VALUES (86, 126, '2028-04-01', '2028-04-05', 17000);
INSERT INTO Orders (OrderID, ClientID, OrderDate, CompletionDate, OrderAmount) 
VALUES (87, 107, '2028-04-10', '2028-04-14', 275000);
INSERT INTO Orders (OrderID, ClientID, OrderDate, CompletionDate, OrderAmount) 
VALUES (88, 92, '2028-05-01', '2028-05-05', 810000);
INSERT INTO Orders (OrderID, ClientID, OrderDate, CompletionDate, OrderAmount) 
VALUES (89, 150, '2028-05-10', '2028-05-14', 22000);
INSERT INTO Orders (OrderID, ClientID, OrderDate, CompletionDate, OrderAmount) 
VALUES (90, 115, '2028-06-01', '2028-06-04', 100000);
INSERT INTO Orders (OrderID, ClientID, OrderDate, CompletionDate, OrderAmount) 
VALUES (91, 105, '2028-06-12', '2028-06-15', 18000);
INSERT INTO Orders (OrderID, ClientID, OrderDate, CompletionDate, OrderAmount) 
VALUES (92, 157, '2028-07-01', '2028-07-04', 99000);
INSERT INTO Orders (OrderID, ClientID, OrderDate, CompletionDate, OrderAmount) 
VALUES (93, 175, '2028-07-10', '2028-07-13', 18000);
INSERT INTO Orders (OrderID, ClientID, OrderDate, CompletionDate, OrderAmount) 
VALUES (94, 111, '2028-08-01', '2028-08-05', 14000);
INSERT INTO Orders (OrderID, ClientID, OrderDate, CompletionDate, OrderAmount) 
VALUES (95, 95, '2028-08-12', '2028-08-15', 105000);
INSERT INTO Orders (OrderID, ClientID, OrderDate, CompletionDate, OrderAmount) 
VALUES (96, 109, '2028-09-01', '2028-09-04', 76000);
INSERT INTO Orders (OrderID, ClientID, OrderDate, CompletionDate, OrderAmount) 
VALUES (97, 141, '2028-09-12', '2028-09-15', 720000);
INSERT INTO Orders (OrderID, ClientID, OrderDate, CompletionDate, OrderAmount) 
VALUES (98, 138, '2028-10-01', '2028-10-05', 105000);
INSERT INTO Orders (OrderID, ClientID, OrderDate, CompletionDate, OrderAmount) 
VALUES (99, 162, '2028-10-15', '2028-10-19', 108000);
INSERT INTO Orders (OrderID, ClientID, OrderDate, CompletionDate, OrderAmount) 
VALUES (100, 157, '2028-11-01', '2028-11-05', 650000);

INSERT INTO OrderLine (LineID, OrderID, PhoneID, Quantity) 
VALUES (1, 1, 1, 1);
INSERT INTO OrderLine (LineID, OrderID, PhoneID, Quantity) 
VALUES (2, 2, 3, 1);
INSERT INTO OrderLine (LineID, OrderID, PhoneID, Quantity) 
VALUES (3, 3, 8, 3);
INSERT INTO OrderLine (LineID, OrderID, PhoneID, Quantity) 
VALUES (4, 4, 33, 2);
INSERT INTO OrderLine (LineID, OrderID, PhoneID, Quantity) 
VALUES (5, 5, 48, 6);
INSERT INTO OrderLine (LineID, OrderID, PhoneID, Quantity) 
VALUES (6, 6, 45, 1);
INSERT INTO OrderLine (LineID, OrderID, PhoneID, Quantity) 
VALUES (7, 7, 73, 2);
INSERT INTO OrderLine (LineID, OrderID, PhoneID, Quantity) 
VALUES (8, 8, 94, 1);
INSERT INTO OrderLine (LineID, OrderID, PhoneID, Quantity) 
VALUES (9, 9, 23, 1);
INSERT INTO OrderLine (LineID, OrderID, PhoneID, Quantity) 
VALUES (10, 10, 45, 1);
INSERT INTO OrderLine (LineID, OrderID, PhoneID, Quantity) 
VALUES (11, 11, 50, 6);
INSERT INTO OrderLine (LineID, OrderID, PhoneID, Quantity) 
VALUES (12, 12, 31, 1);
INSERT INTO OrderLine (LineID, OrderID, PhoneID, Quantity) 
VALUES (13, 13, 37, 7);
INSERT INTO OrderLine (LineID, OrderID, PhoneID, Quantity) 
VALUES (14, 14, 65, 2);
INSERT INTO OrderLine (LineID, OrderID, PhoneID, Quantity) 
VALUES (15, 15, 24, 9);
INSERT INTO OrderLine (LineID, OrderID, PhoneID, Quantity) 
VALUES (16, 16, 79, 1);
INSERT INTO OrderLine (LineID, OrderID, PhoneID, Quantity) 
VALUES (17, 17, 54, 8);
INSERT INTO OrderLine (LineID, OrderID, PhoneID, Quantity) 
VALUES (18, 18, 15, 14);
INSERT INTO OrderLine (LineID, OrderID, PhoneID, Quantity) 
VALUES (19, 19, 26, 22);
INSERT INTO OrderLine (LineID, OrderID, PhoneID, Quantity) 
VALUES (20, 20, 48, 10);
INSERT INTO OrderLine (LineID, OrderID, PhoneID, Quantity) 
VALUES (21, 21, 29, 2);
INSERT INTO OrderLine (LineID, OrderID, PhoneID, Quantity) 
VALUES (22, 22, 7, 27);
INSERT INTO OrderLine (LineID, OrderID, PhoneID, Quantity) 
VALUES (23, 23, 100, 1);
INSERT INTO OrderLine (LineID, OrderID, PhoneID, Quantity) 
VALUES (24, 24, 1, 1);
INSERT INTO OrderLine (LineID, OrderID, PhoneID, Quantity) 
VALUES (25, 25, 94, 100);
INSERT INTO OrderLine (LineID, OrderID, PhoneID, Quantity) 
VALUES (26, 26, 36, 32);
INSERT INTO OrderLine (LineID, OrderID, PhoneID, Quantity) 
VALUES (27, 27, 77, 12);
INSERT INTO OrderLine (LineID, OrderID, PhoneID, Quantity) 
VALUES (28, 28, 58, 1);
INSERT INTO OrderLine (LineID, OrderID, PhoneID, Quantity) 
VALUES (29, 29, 60, 3);
INSERT INTO OrderLine (LineID, OrderID, PhoneID, Quantity) 
VALUES (30, 30, 98, 1);
INSERT INTO OrderLine (LineID, OrderID, PhoneID, Quantity) 
VALUES (31, 31, 2, 9);
INSERT INTO OrderLine (LineID, OrderID, PhoneID, Quantity) 
VALUES (32, 32, 37, 1);
INSERT INTO OrderLine (LineID, OrderID, PhoneID, Quantity) 
VALUES (33, 33, 41, 56);
INSERT INTO OrderLine (LineID, OrderID, PhoneID, Quantity) 
VALUES (34, 34, 4, 78);
INSERT INTO OrderLine (LineID, OrderID, PhoneID, Quantity) 
VALUES (35, 35, 83, 1);
INSERT INTO OrderLine (LineID, OrderID, PhoneID, Quantity) 
VALUES (36, 36, 50, 34);
INSERT INTO OrderLine (LineID, OrderID, PhoneID, Quantity) 
VALUES (37, 37, 12, 14);
INSERT INTO OrderLine (LineID, OrderID, PhoneID, Quantity) 
VALUES (38, 38, 35, 1);
INSERT INTO OrderLine (LineID, OrderID, PhoneID, Quantity) 
VALUES (39, 39, 31, 45);
INSERT INTO OrderLine (LineID, OrderID, PhoneID, Quantity) 
VALUES (40, 40, 48, 23);
INSERT INTO OrderLine (LineID, OrderID, PhoneID, Quantity) 
VALUES (41, 41, 86, 1);
INSERT INTO OrderLine (LineID, OrderID, PhoneID, Quantity) 
VALUES (42, 42, 81, 20);
INSERT INTO OrderLine (LineID, OrderID, PhoneID, Quantity) 
VALUES (43, 43, 66, 7);
INSERT INTO OrderLine (LineID, OrderID, PhoneID, Quantity) 
VALUES (44, 44, 56, 1);
INSERT INTO OrderLine (LineID, OrderID, PhoneID, Quantity) 
VALUES (45, 45, 30, 13);
INSERT INTO OrderLine (LineID, OrderID, PhoneID, Quantity) 
VALUES (46, 46, 77, 9);
INSERT INTO OrderLine (LineID, OrderID, PhoneID, Quantity) 
VALUES (47, 47, 83, 22);
INSERT INTO OrderLine (LineID, OrderID, PhoneID, Quantity) 
VALUES (48, 48, 15, 3);
INSERT INTO OrderLine (LineID, OrderID, PhoneID, Quantity) 
VALUES (49, 49, 28, 1);
INSERT INTO OrderLine (LineID, OrderID, PhoneID, Quantity) 
VALUES (50, 50, 81, 34);
INSERT INTO OrderLine (LineID, OrderID, PhoneID, Quantity) 
VALUES (51, 51, 75, 19);
INSERT INTO OrderLine (LineID, OrderID, PhoneID, Quantity) 
VALUES (52, 52, 7, 2);
INSERT INTO OrderLine (LineID, OrderID, PhoneID, Quantity) 
VALUES (53, 53, 96, 1);
INSERT INTO OrderLine (LineID, OrderID, PhoneID, Quantity) 
VALUES (54, 54, 60, 3);
INSERT INTO OrderLine (LineID, OrderID, PhoneID, Quantity) 
VALUES (55, 55, 100, 1);
INSERT INTO OrderLine (LineID, OrderID, PhoneID, Quantity) 
VALUES (56, 56, 18, 2);
INSERT INTO OrderLine (LineID, OrderID, PhoneID, Quantity) 
VALUES (57, 57, 31, 23);
INSERT INTO OrderLine (LineID, OrderID, PhoneID, Quantity) 
VALUES (58, 58, 8, 1);
INSERT INTO OrderLine (LineID, OrderID, PhoneID, Quantity) 
VALUES (59, 59, 48, 23);
INSERT INTO OrderLine (LineID, OrderID, PhoneID, Quantity) 
VALUES (60, 60, 73, 1);
INSERT INTO OrderLine (LineID, OrderID, PhoneID, Quantity) 
VALUES (61, 61, 29, 2);
INSERT INTO OrderLine (LineID, OrderID, PhoneID, Quantity) 
VALUES (62, 62, 43, 1);
INSERT INTO OrderLine (LineID, OrderID, PhoneID, Quantity) 
VALUES (63, 63, 2, 4);
INSERT INTO OrderLine (LineID, OrderID, PhoneID, Quantity) 
VALUES (64, 64, 85, 1);
INSERT INTO OrderLine (LineID, OrderID, PhoneID, Quantity) 
VALUES (65, 65, 54, 1);
INSERT INTO OrderLine (LineID, OrderID, PhoneID, Quantity) 
VALUES (66, 66, 68, 1);
INSERT INTO OrderLine (LineID, OrderID, PhoneID, Quantity) 
VALUES (67, 67, 70, 1);
INSERT INTO OrderLine (LineID, OrderID, PhoneID, Quantity) 
VALUES (68, 68, 27, 1);
INSERT INTO OrderLine (LineID, OrderID, PhoneID, Quantity) 
VALUES (69, 69, 6, 1);
INSERT INTO OrderLine (LineID, OrderID, PhoneID, Quantity) 
VALUES (70, 70, 17, 24);
INSERT INTO OrderLine (LineID, OrderID, PhoneID, Quantity) 
VALUES (71, 71, 39, 8);
INSERT INTO OrderLine (LineID, OrderID, PhoneID, Quantity) 
VALUES (72, 72, 17, 3);
INSERT INTO OrderLine (LineID, OrderID, PhoneID, Quantity) 
VALUES (73, 73, 79, 1);
INSERT INTO OrderLine (LineID, OrderID, PhoneID, Quantity) 
VALUES (74, 74, 36, 6);
INSERT INTO OrderLine (LineID, OrderID, PhoneID, Quantity) 
VALUES (75, 75, 96, 7);
INSERT INTO OrderLine (LineID, OrderID, PhoneID, Quantity) 
VALUES (76, 76, 77, 1);
INSERT INTO OrderLine (LineID, OrderID, PhoneID, Quantity) 
VALUES (77, 77, 26, 8);
INSERT INTO OrderLine (LineID, OrderID, PhoneID, Quantity) 
VALUES (78, 78, 63, 8);
INSERT INTO OrderLine (LineID, OrderID, PhoneID, Quantity) 
VALUES (79, 79, 70, 1);
INSERT INTO OrderLine (LineID, OrderID, PhoneID, Quantity) 
VALUES (80, 80, 19, 1);
INSERT INTO OrderLine (LineID, OrderID, PhoneID, Quantity) 
VALUES (81, 81, 26, 15);
INSERT INTO OrderLine (LineID, OrderID, PhoneID, Quantity) 
VALUES (82, 82, 4, 1);
INSERT INTO OrderLine (LineID, OrderID, PhoneID, Quantity) 
VALUES (83, 83, 30, 1);
INSERT INTO OrderLine (LineID, OrderID, PhoneID, Quantity) 
VALUES (84, 84, 48, 12);
INSERT INTO OrderLine (LineID, OrderID, PhoneID, Quantity) 
VALUES (85, 85, 43, 3);
INSERT INTO OrderLine (LineID, OrderID, PhoneID, Quantity) 
VALUES (86, 86, 83, 1);
INSERT INTO OrderLine (LineID, OrderID, PhoneID, Quantity) 
VALUES (87, 87, 31, 11);
INSERT INTO OrderLine (LineID, OrderID, PhoneID, Quantity) 
VALUES (88, 88, 52, 45);
INSERT INTO OrderLine (LineID, OrderID, PhoneID, Quantity) 
VALUES (89, 89, 9, 1);
INSERT INTO OrderLine (LineID, OrderID, PhoneID, Quantity) 
VALUES (90, 90, 18, 5);
INSERT INTO OrderLine (LineID, OrderID, PhoneID, Quantity) 
VALUES (91, 91, 43, 1);
INSERT INTO OrderLine (LineID, OrderID, PhoneID, Quantity) 
VALUES (92, 92, 96, 3);
INSERT INTO OrderLine (LineID, OrderID, PhoneID, Quantity) 
VALUES (93, 93, 43, 1);
INSERT INTO OrderLine (LineID, OrderID, PhoneID, Quantity) 
VALUES (94, 94, 56, 1);
INSERT INTO OrderLine (LineID, OrderID, PhoneID, Quantity) 
VALUES (95, 95, 3, 7);
INSERT INTO OrderLine (LineID, OrderID, PhoneID, Quantity) 
VALUES (96, 96, 14, 4);
INSERT INTO OrderLine (LineID, OrderID, PhoneID, Quantity) 
VALUES (97, 97, 81, 9);
INSERT INTO OrderLine (LineID, OrderID, PhoneID, Quantity) 
VALUES (98, 98, 41, 5);
INSERT INTO OrderLine (LineID, OrderID, PhoneID, Quantity) 
VALUES (99, 99, 52, 6);
INSERT INTO OrderLine (LineID, OrderID, PhoneID, Quantity) 
VALUES (100, 100, 88, 13);